UID,日期,产品代码,产品名称,单位净值,累计净值,来源文件
2024-01-29_SB5550,2024-01-29,SB5550,天算中证500指数增强3号私募证券投资基金,0.9313,0.9313,C:\Invest\净值存储\citics_【基金净值表现估算】SB5550_天算中证500指数增强3号私募证券投资基金_2024-01-29_波克锐进多策略1号私募证券投资基金.xlsx
2024-01-30_SB5550,2024-01-30,SB5550,天算中证500指数增强3号私募证券投资基金,0.9071,0.9071,C:\Invest\净值存储\citics_【基金净值表现估算】SB5550_天算中证500指数增强3号私募证券投资基金_2024-01-30_波克锐进多策略1号私募证券投资基金.xlsx
2024-01-31_SB5550,2024-01-31,SB5550,天算中证500指数增强3号私募证券投资基金,0.8762,0.8762,C:\Invest\净值存储\citics_【基金净值表现估算】SB5550_天算中证500指数增强3号私募证券投资基金_2024-01-31_波克锐进多策略1号私募证券投资基金.xlsx
2024-02-01_SB5550,2024-02-01,SB5550,天算中证500指数增强3号私募证券投资基金,0.8646,0.8646,C:\Invest\净值存储\citics_【基金净值表现估算】SB5550_天算中证500指数增强3号私募证券投资基金_2024-02-01_波克锐进多策略1号私募证券投资基金.xlsx
2024-02-02_SB5550,2024-02-02,SB5550,天算中证500指数增强3号私募证券投资基金,0.835,0.835,C:\Invest\净值存储\citics_【基金净值表现估算】SB5550_天算中证500指数增强3号私募证券投资基金_2024-02-02_波克锐进多策略1号私募证券投资基金.xlsx
2024-02-05_SB5550,2024-02-05,SB5550,天算中证500指数增强3号私募证券投资基金,0.794,0.794,C:\Invest\净值存储\citics_【基金净值表现估算】SB5550_天算中证500指数增强3号私募证券投资基金_2024-02-05_波克锐进多策略1号私募证券投资基金.xlsx
2024-02-02_SJF673,2024-02-02,SJF673,华钧真观1期私募证券投资基金,0.7242,1.1442,C:\Invest\净值存储\citics_【基金净值表现估算】SJF673_华钧真观1期私募证券投资基金_2024-02-02.xlsx
2024-01-29_SQR793,2024-01-29,SQR793,皓邦激享CTA1号私募证券投资基金,0.9786,0.9786,C:\Invest\净值存储\citics_【基金净值表现估算】SQR793(平层)_皓邦激享CTA1号私募证券投资基金_2024-01-29_赛韵网络科技(上海)有限公司.xlsx
2024-01-30_SQR793,2024-01-30,SQR793,皓邦激享CTA1号私募证券投资基金,0.9763,0.9763,C:\Invest\净值存储\citics_【基金净值表现估算】SQR793(平层)_皓邦激享CTA1号私募证券投资基金_2024-01-30_赛韵网络科技(上海)有限公司.xlsx
2024-01-31_SQR793,2024-01-31,SQR793,皓邦激享CTA1号私募证券投资基金,0.9749,0.9749,C:\Invest\净值存储\citics_【基金净值表现估算】SQR793(平层)_皓邦激享CTA1号私募证券投资基金_2024-01-31_赛韵网络科技(上海)有限公司.xlsx
2024-02-01_SQR793,2024-02-01,SQR793,皓邦激享CTA1号私募证券投资基金,0.9724,0.9724,C:\Invest\净值存储\citics_【基金净值表现估算】SQR793(平层)_皓邦激享CTA1号私募证券投资基金_2024-02-01_赛韵网络科技(上海)有限公司.xlsx
2024-02-02_SQR793,2024-02-02,SQR793,皓邦激享CTA1号私募证券投资基金,0.9664,0.9664,C:\Invest\净值存储\citics_【基金净值表现估算】SQR793(平层)_皓邦激享CTA1号私募证券投资基金_2024-02-02_赛韵网络科技(上海)有限公司.xlsx
2024-02-05_SQR793,2024-02-05,SQR793,皓邦激享CTA1号私募证券投资基金,0.9674,0.9674,C:\Invest\净值存储\citics_【基金净值表现估算】SQR793(平层)_皓邦激享CTA1号私募证券投资基金_2024-02-05_赛韵网络科技(上海)有限公司.xlsx
2024-01-29_SSF240,2024-01-29,SSF240,锋滔指数增强2号私募证券投资基金,0.9411,1.0211,C:\Invest\净值存储\citics_【基金净值表现估算】SSF240(A级)_锋滔指数增强2号私募证券投资基金_2024-01-29_波克锐进多策略1号私募证券投资基金.xlsx
2024-01-30_SSF240,2024-01-30,SSF240,锋滔指数增强2号私募证券投资基金,0.9179,0.9979,C:\Invest\净值存储\citics_【基金净值表现估算】SSF240(A级)_锋滔指数增强2号私募证券投资基金_2024-01-30_波克锐进多策略1号私募证券投资基金.xlsx
2024-01-31_SSF240,2024-01-31,SSF240,锋滔指数增强2号私募证券投资基金,0.8845,0.9645,C:\Invest\净值存储\citics_【基金净值表现估算】SSF240(A级)_锋滔指数增强2号私募证券投资基金_2024-01-31_波克锐进多策略1号私募证券投资基金.xlsx
2024-02-01_SSF240,2024-02-01,SSF240,锋滔指数增强2号私募证券投资基金,0.8787,0.9587,C:\Invest\净值存储\citics_【基金净值表现估算】SSF240(A级)_锋滔指数增强2号私募证券投资基金_2024-02-01_波克锐进多策略1号私募证券投资基金.xlsx
2024-02-02_SSF240,2024-02-02,SSF240,锋滔指数增强2号私募证券投资基金,0.8475,0.9275,C:\Invest\净值存储\citics_【基金净值表现估算】SSF240(A级)_锋滔指数增强2号私募证券投资基金_2024-02-02_波克锐进多策略1号私募证券投资基金.xlsx
2024-02-05_SSF240,2024-02-05,SSF240,锋滔指数增强2号私募证券投资基金,0.7993,0.8793,C:\Invest\净值存储\citics_【基金净值表现估算】SSF240(A级)_锋滔指数增强2号私募证券投资基金_2024-02-05_波克锐进多策略1号私募证券投资基金.xlsx
2024-02-02_SVZ210,2024-02-02,SVZ210,华钧尚元1期私募证券投资基金,0.7237,0.7237,C:\Invest\净值存储\citics_【基金净值表现估算】SVZ210_华钧尚元1期私募证券投资基金_2024-02-02.xlsx
2024-01-29_T06286,2024-01-29,T06286,千衍红橡六和5号私募证券投资基金B类,0.9166,0.9166,C:\Invest\净值存储\citics_【基金净值表现估算】T06286(B级)_千衍红橡六和5号私募证券投资基金B类_2024-01-29_波克锐进多策略1号私募证券投资基金.xlsx
2024-01-30_T06286,2024-01-30,T06286,千衍红橡六和5号私募证券投资基金B类,0.8936,0.8936,C:\Invest\净值存储\citics_【基金净值表现估算】T06286(B级)_千衍红橡六和5号私募证券投资基金B类_2024-01-30_波克锐进多策略1号私募证券投资基金.xlsx
2024-01-31_T06286,2024-01-31,T06286,千衍红橡六和5号私募证券投资基金B类,0.8641,0.8641,C:\Invest\净值存储\citics_【基金净值表现估算】T06286(B级)_千衍红橡六和5号私募证券投资基金B类_2024-01-31_波克锐进多策略1号私募证券投资基金.xlsx
2024-02-01_T06286,2024-02-01,T06286,千衍红橡六和5号私募证券投资基金B类,0.8572,0.8572,C:\Invest\净值存储\citics_【基金净值表现估算】T06286(B级)_千衍红橡六和5号私募证券投资基金B类_2024-02-01_波克锐进多策略1号私募证券投资基金.xlsx
2024-02-02_T06286,2024-02-02,T06286,千衍红橡六和5号私募证券投资基金B类,0.831,0.831,C:\Invest\净值存储\citics_【基金净值表现估算】T06286(B级)_千衍红橡六和5号私募证券投资基金B类_2024-02-02_波克锐进多策略1号私募证券投资基金.xlsx
2024-02-05_T06286,2024-02-05,T06286,千衍红橡六和5号私募证券投资基金B类,0.7984,0.7984,C:\Invest\净值存储\citics_【基金净值表现估算】T06286(B级)_千衍红橡六和5号私募证券投资基金B类_2024-02-05_波克锐进多策略1号私募证券投资基金.xlsx
2024-01-29_T07035,2024-01-29,T07035,乾象股票进取19号私募证券投资基金B类,0.923,0.923,C:\Invest\净值存储\citics_【基金净值表现估算】T07035(B级)_乾象股票进取19号私募证券投资基金B类_2024-01-29_波克锐进多策略1号私募证券投资基金.xlsx
2024-01-30_T07035,2024-01-30,T07035,乾象股票进取19号私募证券投资基金B类,0.8994,0.8994,C:\Invest\净值存储\citics_【基金净值表现估算】T07035(B级)_乾象股票进取19号私募证券投资基金B类_2024-01-30_波克锐进多策略1号私募证券投资基金.xlsx
2024-01-31_T07035,2024-01-31,T07035,乾象股票进取19号私募证券投资基金B类,0.8684,0.8684,C:\Invest\净值存储\citics_【基金净值表现估算】T07035(B级)_乾象股票进取19号私募证券投资基金B类_2024-01-31_波克锐进多策略1号私募证券投资基金.xlsx
2024-02-01_T07035,2024-02-01,T07035,乾象股票进取19号私募证券投资基金B类,0.8611,0.8611,C:\Invest\净值存储\citics_【基金净值表现估算】T07035(B级)_乾象股票进取19号私募证券投资基金B类_2024-02-01_波克锐进多策略1号私募证券投资基金.xlsx
2024-02-02_T07035,2024-02-02,T07035,乾象股票进取19号私募证券投资基金B类,0.8308,0.8308,C:\Invest\净值存储\citics_【基金净值表现估算】T07035(B级)_乾象股票进取19号私募证券投资基金B类_2024-02-02_波克锐进多策略1号私募证券投资基金.xlsx
2024-02-05_T07035,2024-02-05,T07035,乾象股票进取19号私募证券投资基金B类,0.779,0.779,C:\Invest\净值存储\citics_【基金净值表现估算】T07035(B级)_乾象股票进取19号私募证券投资基金B类_2024-02-05_波克锐进多策略1号私募证券投资基金.xlsx
2024-02-02_T07166,2024-02-02,T07166,华钧元狩2期私募证券投资基金B类,0.6908,0.6908,C:\Invest\净值存储\citics_【基金净值表现估算】T07166(B级)_华钧元狩2期私募证券投资基金B类_2024-02-02.xlsx
2024-01-29_AFF20B,2024-01-29,AFF20B,乾象股票进取32号私募证券投资基金B类,0.9986,0.9986,C:\Invest\净值存储\citics_【基金虚拟净值表现估算】AFF20B_乾象股票进取32号私募证券投资基金B类_2024-01-29_波克多策略3号私募证券投资基金.xlsx
2024-01-30_AFF20B,2024-01-30,AFF20B,乾象股票进取32号私募证券投资基金B类,0.9986,0.9986,C:\Invest\净值存储\citics_【基金虚拟净值表现估算】AFF20B_乾象股票进取32号私募证券投资基金B类_2024-01-30_波克多策略3号私募证券投资基金.xlsx
2024-01-31_AFF20B,2024-01-31,AFF20B,乾象股票进取32号私募证券投资基金B类,0.9985,0.9985,C:\Invest\净值存储\citics_【基金虚拟净值表现估算】AFF20B_乾象股票进取32号私募证券投资基金B类_2024-01-31_波克多策略3号私募证券投资基金.xlsx
2024-02-01_AFF20B,2024-02-01,AFF20B,乾象股票进取32号私募证券投资基金B类,0.9985,0.9985,C:\Invest\净值存储\citics_【基金虚拟净值表现估算】AFF20B_乾象股票进取32号私募证券投资基金B类_2024-02-01_波克多策略3号私募证券投资基金.xlsx
2024-02-02_AFF20B,2024-02-02,AFF20B,乾象股票进取32号私募证券投资基金B类,0.9984,0.9984,C:\Invest\净值存储\citics_【基金虚拟净值表现估算】AFF20B_乾象股票进取32号私募证券投资基金B类_2024-02-02_波克多策略3号私募证券投资基金.xlsx
2024-02-05_AFF20B,2024-02-05,AFF20B,乾象股票进取32号私募证券投资基金B类,0.9983,0.9983,C:\Invest\净值存储\citics_【基金虚拟净值表现估算】AFF20B_乾象股票进取32号私募证券投资基金B类_2024-02-05_波克多策略3号私募证券投资基金.xlsx
2024-01-29_SB5691,2024-01-29,SB5691,希塔套利2号私募证券投资基金,0.9899,0.9899,C:\Invest\净值存储\citics_【基金虚拟净值表现估算】SB5691_希塔套利2号私募证券投资基金_2024-01-29_波克稳健多策略1号私募证券投资基金.xlsx
2024-01-30_SB5691,2024-01-30,SB5691,希塔套利2号私募证券投资基金,0.9878,0.9878,C:\Invest\净值存储\citics_【基金虚拟净值表现估算】SB5691_希塔套利2号私募证券投资基金_2024-01-30_波克稳健多策略1号私募证券投资基金.xlsx
2024-01-31_SB5691,2024-01-31,SB5691,希塔套利2号私募证券投资基金,0.9857,0.9857,C:\Invest\净值存储\citics_【基金虚拟净值表现估算】SB5691_希塔套利2号私募证券投资基金_2024-01-31_波克稳健多策略1号私募证券投资基金.xlsx
2024-02-01_SB5691,2024-02-01,SB5691,希塔套利2号私募证券投资基金,0.985,0.985,C:\Invest\净值存储\citics_【基金虚拟净值表现估算】SB5691_希塔套利2号私募证券投资基金_2024-02-01_波克稳健多策略1号私募证券投资基金.xlsx
2024-02-02_SB5691,2024-02-02,SB5691,希塔套利2号私募证券投资基金,0.9837,0.9837,C:\Invest\净值存储\citics_【基金虚拟净值表现估算】SB5691_希塔套利2号私募证券投资基金_2024-02-02_波克稳健多策略1号私募证券投资基金.xlsx
2024-02-05_SB5691,2024-02-05,SB5691,希塔套利2号私募证券投资基金,0.9824,0.9824,C:\Invest\净值存储\citics_【基金虚拟净值表现估算】SB5691_希塔套利2号私募证券投资基金_2024-02-05_波克稳健多策略1号私募证券投资基金.xlsx
2024-01-29_SCL360,2024-01-29,SCL360,宝菱星光私募基金,1.005,1.329,C:\Invest\净值存储\citics_【基金虚拟净值表现估算】SCL360_宝菱星光私募基金_2024-01-29_波克稳健多策略1号私募证券投资基金.xlsx
2024-01-30_SCL360,2024-01-30,SCL360,宝菱星光私募基金,1.006,1.33,C:\Invest\净值存储\citics_【基金虚拟净值表现估算】SCL360_宝菱星光私募基金_2024-01-30_波克稳健多策略1号私募证券投资基金.xlsx
2024-01-31_SCL360,2024-01-31,SCL360,宝菱星光私募基金,1.006,1.33,C:\Invest\净值存储\citics_【基金虚拟净值表现估算】SCL360_宝菱星光私募基金_2024-01-31_波克稳健多策略1号私募证券投资基金.xlsx
2024-02-01_SCL360,2024-02-01,SCL360,宝菱星光私募基金,1.007,1.331,C:\Invest\净值存储\citics_【基金虚拟净值表现估算】SCL360_宝菱星光私募基金_2024-02-01_波克稳健多策略1号私募证券投资基金.xlsx
2024-02-02_SCL360,2024-02-02,SCL360,宝菱星光私募基金,1.009,1.333,C:\Invest\净值存储\citics_【基金虚拟净值表现估算】SCL360_宝菱星光私募基金_2024-02-02_波克稳健多策略1号私募证券投资基金.xlsx
2024-01-30_SQR795,2024-01-30,SQR795,皓邦激享CTA2号私募证券投资基金,0.9694,0.9694,C:\Invest\净值存储\citics_【基金虚拟净值表现估算】SQR795_皓邦激享CTA2号私募证券投资基金_2024-01-30_波克锐进多策略1号私募证券投资基金.xlsx
2024-01-31_SQR795,2024-01-31,SQR795,皓邦激享CTA2号私募证券投资基金,0.9677,0.9677,C:\Invest\净值存储\citics_【基金虚拟净值表现估算】SQR795_皓邦激享CTA2号私募证券投资基金_2024-01-31_波克锐进多策略1号私募证券投资基金.xlsx
2024-02-01_SQR795,2024-02-01,SQR795,皓邦激享CTA2号私募证券投资基金,0.9655,0.9655,C:\Invest\净值存储\citics_【基金虚拟净值表现估算】SQR795_皓邦激享CTA2号私募证券投资基金_2024-02-01_波克锐进多策略1号私募证券投资基金.xlsx
2024-02-02_SQR795,2024-02-02,SQR795,皓邦激享CTA2号私募证券投资基金,0.9595,0.9595,C:\Invest\净值存储\citics_【基金虚拟净值表现估算】SQR795_皓邦激享CTA2号私募证券投资基金_2024-02-02_波克锐进多策略1号私募证券投资基金.xlsx
2024-02-05_SQR795,2024-02-05,SQR795,皓邦激享CTA2号私募证券投资基金,0.9599,0.9599,C:\Invest\净值存储\citics_【基金虚拟净值表现估算】SQR795_皓邦激享CTA2号私募证券投资基金_2024-02-05_波克锐进多策略1号私募证券投资基金.xlsx
2024-01-29_STA785,2024-01-29,STA785,顽岩东方路私募证券投资基金,1.3578,1.3578,C:\Invest\净值存储\citics_【基金虚拟净值表现估算】STA785_顽岩东方路私募证券投资基金_2024-01-29_波克平衡多策略1号私募证券投资基金.xlsx
2024-01-30_STA785,2024-01-30,STA785,顽岩东方路私募证券投资基金,1.3622,1.3622,C:\Invest\净值存储\citics_【基金虚拟净值表现估算】STA785_顽岩东方路私募证券投资基金_2024-01-30_波克平衡多策略1号私募证券投资基金.xlsx
2024-01-31_STA785,2024-01-31,STA785,顽岩东方路私募证券投资基金,1.3621,1.3621,C:\Invest\净值存储\citics_【基金虚拟净值表现估算】STA785_顽岩东方路私募证券投资基金_2024-01-31_波克平衡多策略1号私募证券投资基金.xlsx
2024-02-01_STA785,2024-02-01,STA785,顽岩东方路私募证券投资基金,1.3578,1.3578,C:\Invest\净值存储\citics_【基金虚拟净值表现估算】STA785_顽岩东方路私募证券投资基金_2024-02-01_波克平衡多策略1号私募证券投资基金.xlsx
2024-02-02_STA785,2024-02-02,STA785,顽岩东方路私募证券投资基金,1.3728,1.3728,C:\Invest\净值存储\citics_【基金虚拟净值表现估算】STA785_顽岩东方路私募证券投资基金_2024-02-02_波克平衡多策略1号私募证券投资基金.xlsx
2024-02-05_STA785,2024-02-05,STA785,顽岩东方路私募证券投资基金,1.3554,1.3554,C:\Invest\净值存储\citics_【基金虚拟净值表现估算】STA785_顽岩东方路私募证券投资基金_2024-02-05_波克平衡多策略1号私募证券投资基金.xlsx
2024-01-29_SXR047,2024-01-29,SXR047,青琰琰知一号私募证券投资基金,1.0987,1.1477,C:\Invest\净值存储\citics_【基金虚拟净值表现估算】SXR047_青琰琰知一号私募证券投资基金_2024-01-29_波克稳健多策略1号私募证券投资基金.xlsx
2024-01-30_SXR047,2024-01-30,SXR047,青琰琰知一号私募证券投资基金,1.0993,1.1483,C:\Invest\净值存储\citics_【基金虚拟净值表现估算】SXR047_青琰琰知一号私募证券投资基金_2024-01-30_波克稳健多策略1号私募证券投资基金.xlsx
2024-01-31_SXR047,2024-01-31,SXR047,青琰琰知一号私募证券投资基金,1.1001,1.1491,C:\Invest\净值存储\citics_【基金虚拟净值表现估算】SXR047_青琰琰知一号私募证券投资基金_2024-01-31_波克稳健多策略1号私募证券投资基金.xlsx
2024-02-01_SXR047,2024-02-01,SXR047,青琰琰知一号私募证券投资基金,1.1011,1.1501,C:\Invest\净值存储\citics_【基金虚拟净值表现估算】SXR047_青琰琰知一号私募证券投资基金_2024-02-01_波克稳健多策略1号私募证券投资基金.xlsx
2024-02-02_SXR047,2024-02-02,SXR047,青琰琰知一号私募证券投资基金,1.1014,1.1504,C:\Invest\净值存储\citics_【基金虚拟净值表现估算】SXR047_青琰琰知一号私募证券投资基金_2024-02-02_波克稳健多策略1号私募证券投资基金.xlsx
2024-02-05_SXR047,2024-02-05,SXR047,青琰琰知一号私募证券投资基金,1.1019,1.1509,C:\Invest\净值存储\citics_【基金虚拟净值表现估算】SXR047_青琰琰知一号私募证券投资基金_2024-02-05_波克稳健多策略1号私募证券投资基金.xlsx
2024-01-29_SZJ540,2024-01-29,SZJ540,鸣熙绝对收益1号私募证券投资基金,1.039,1.039,C:\Invest\净值存储\citics_【基金虚拟净值表现估算】SZJ540_鸣熙绝对收益1号私募证券投资基金_2024-01-29_波克平衡多策略1号私募证券投资基金.xlsx
2024-01-30_SZJ540,2024-01-30,SZJ540,鸣熙绝对收益1号私募证券投资基金,1.0355,1.0355,C:\Invest\净值存储\citics_【基金虚拟净值表现估算】SZJ540_鸣熙绝对收益1号私募证券投资基金_2024-01-30_波克平衡多策略1号私募证券投资基金.xlsx
2024-01-31_SZJ540,2024-01-31,SZJ540,鸣熙绝对收益1号私募证券投资基金,1.0215,1.0215,C:\Invest\净值存储\citics_【基金虚拟净值表现估算】SZJ540_鸣熙绝对收益1号私募证券投资基金_2024-01-31_波克平衡多策略1号私募证券投资基金.xlsx
2024-02-01_SZJ540,2024-02-01,SZJ540,鸣熙绝对收益1号私募证券投资基金,1.007,1.007,C:\Invest\净值存储\citics_【基金虚拟净值表现估算】SZJ540_鸣熙绝对收益1号私募证券投资基金_2024-02-01_波克平衡多策略1号私募证券投资基金.xlsx
2024-02-02_SZJ540,2024-02-02,SZJ540,鸣熙绝对收益1号私募证券投资基金,1.0089,1.0089,C:\Invest\净值存储\citics_【基金虚拟净值表现估算】SZJ540_鸣熙绝对收益1号私募证券投资基金_2024-02-02_波克平衡多策略1号私募证券投资基金.xlsx
2024-02-05_SZJ540,2024-02-05,SZJ540,鸣熙绝对收益1号私募证券投资基金,1.0055,1.0055,C:\Invest\净值存储\citics_【基金虚拟净值表现估算】SZJ540_鸣熙绝对收益1号私募证券投资基金_2024-02-05_波克平衡多策略1号私募证券投资基金.xlsx
2024-01-29_T06358,2024-01-29,T06358,朗海恒N一号私募证券投资基金B类,1.1642,1.1642,C:\Invest\净值存储\citics_【基金虚拟净值表现估算】T06358_朗海恒N一号私募证券投资基金B类_2024-01-29_波克稳健多策略1号私募证券投资基金.xlsx
2024-01-30_T06358,2024-01-30,T06358,朗海恒N一号私募证券投资基金B类,1.1642,1.1642,C:\Invest\净值存储\citics_【基金虚拟净值表现估算】T06358_朗海恒N一号私募证券投资基金B类_2024-01-30_波克稳健多策略1号私募证券投资基金.xlsx
2024-01-31_T06358,2024-01-31,T06358,朗海恒N一号私募证券投资基金B类,1.1644,1.1644,C:\Invest\净值存储\citics_【基金虚拟净值表现估算】T06358_朗海恒N一号私募证券投资基金B类_2024-01-31_波克稳健多策略1号私募证券投资基金.xlsx
2024-02-01_T06358,2024-02-01,T06358,朗海恒N一号私募证券投资基金B类,1.1651,1.1651,C:\Invest\净值存储\citics_【基金虚拟净值表现估算】T06358_朗海恒N一号私募证券投资基金B类_2024-02-01_波克稳健多策略1号私募证券投资基金.xlsx
2024-02-02_T06358,2024-02-02,T06358,朗海恒N一号私募证券投资基金B类,1.1653,1.1653,C:\Invest\净值存储\citics_【基金虚拟净值表现估算】T06358_朗海恒N一号私募证券投资基金B类_2024-02-02_波克稳健多策略1号私募证券投资基金.xlsx
2024-01-29_T06360,2024-01-29,T06360,朗海恒N二号私募证券投资基金B类,1.1629,1.1629,C:\Invest\净值存储\citics_【基金虚拟净值表现估算】T06360_朗海恒N二号私募证券投资基金B类_2024-01-29_波克稳健多策略1号私募证券投资基金.xlsx
2024-01-30_T06360,2024-01-30,T06360,朗海恒N二号私募证券投资基金B类,1.1634,1.1634,C:\Invest\净值存储\citics_【基金虚拟净值表现估算】T06360_朗海恒N二号私募证券投资基金B类_2024-01-30_波克稳健多策略1号私募证券投资基金.xlsx
2024-01-31_T06360,2024-01-31,T06360,朗海恒N二号私募证券投资基金B类,1.1638,1.1638,C:\Invest\净值存储\citics_【基金虚拟净值表现估算】T06360_朗海恒N二号私募证券投资基金B类_2024-01-31_波克稳健多策略1号私募证券投资基金.xlsx
2024-02-01_T06360,2024-02-01,T06360,朗海恒N二号私募证券投资基金B类,1.1658,1.1658,C:\Invest\净值存储\citics_【基金虚拟净值表现估算】T06360_朗海恒N二号私募证券投资基金B类_2024-02-01_波克稳健多策略1号私募证券投资基金.xlsx
2024-02-02_T06360,2024-02-02,T06360,朗海恒N二号私募证券投资基金B类,1.1664,1.1664,C:\Invest\净值存储\citics_【基金虚拟净值表现估算】T06360_朗海恒N二号私募证券投资基金B类_2024-02-02_波克稳健多策略1号私募证券投资基金.xlsx
2024-02-05_T06360,2024-02-05,T06360,朗海恒N二号私募证券投资基金B类,1.1685,1.1685,C:\Invest\净值存储\citics_【基金虚拟净值表现估算】T06360_朗海恒N二号私募证券投资基金B类_2024-02-05_波克稳健多策略1号私募证券投资基金.xlsx
2024-01-29_SC274A,2024-01-29,SC274A,世纪前沿指数增强16号私募证券投资基金A,0.9143,0.9143,C:\Invest\净值存储\cmschina_20240129_世纪前沿指数增强16号私募证券投资基金A_波克锐进多策略1号私募证券投资基金_TA虚拟计提后净值表.xlsx
2024-01-29_SGR125,2024-01-29,SGR125,九章量化定制24号私募证券投资基金,1.174,1.2092,C:\Invest\净值存储\cmschina_20240129_九章量化定制24号私募证券投资基金_波克锐进多策略1号私募证券投资基金_TA虚拟计提后净值表.xlsx
2024-01-29_ZW449B,2024-01-29,ZW449B,乾象招盈量化对冲15号私募证券投资基金B,1.039,1.0912,C:\Invest\净值存储\cmschina_20240129_乾象招盈量化对冲15号私募证券投资基金B_TA虚拟计提后净值明细表.xlsx
2024-01-29_VL333B,2024-01-29,VL333B,仲阳金石长河私募证券投资基金B,1.0934,1.0934,C:\Invest\净值存储\cmschina_20240129_仲阳金石长河私募证券投资基金B_波克平衡多策略1号私募证券投资基金_TA虚拟计提后净值表.xlsx
2024-01-29_SQC600,2024-01-29,SQC600,会世元启CTA11号私募证券投资基金,1.104,1.104,C:\Invest\净值存储\cmschina_20240129_会世元启CTA11号私募证券投资基金_赛韵网络科技(上海)有限公司_TA虚拟计提后净值表.xlsx
2024-01-29_SNX515,2024-01-29,SNX515,会世元启优孚CTA6号私募证券投资基金,1.0878,1.0878,C:\Invest\净值存储\cmschina_20240129_会世元启优孚CTA6号私募证券投资基金_波克锐进多策略1号私募证券投资基金_TA虚拟计提后净值表.xlsx
2024-01-29_SZM150,2024-01-29,SZM150,信弘对冲25号私募证券投资基金,1.1372,1.1372,C:\Invest\净值存储\cmschina_20240129_信弘对冲25号私募证券投资基金_波克平衡多策略1号私募证券投资基金_TA虚拟计提后净值表.xlsx
2024-01-29_SSB059,2024-01-29,SSB059,信弘征程对冲1号私募证券投资基金,1.4638,1.4638,C:\Invest\净值存储\cmschina_20240129_信弘征程对冲1号私募证券投资基金_波克平衡多策略1号私募证券投资基金_TA虚拟计提后净值表.xlsx
2024-01-29_B2050A,2024-01-29,B2050A,南京长木常青1号私募证券投资基金A,0.9907,1.2636,C:\Invest\净值存储\cmschina_20240129_南京长木常青1号私募证券投资基金A_TA虚拟计提后净值明细表.xlsx
2024-01-29_SVJ513,2024-01-29,SVJ513,固禾翡翠专享8号私募证券投资基金,0.9492,0.9492,C:\Invest\净值存储\cmschina_20240129_固禾翡翠专享8号私募证券投资基金_赛韵网络科技(上海)有限公司_TA虚拟计提后净值表.xlsx
2024-01-29_SSW933,2024-01-29,SSW933,念觉优恒12号私募证券投资基金,1.0946,1.0946,C:\Invest\净值存储\cmschina_20240129_念觉优恒12号私募证券投资基金_波克平衡多策略1号私募证券投资基金_TA虚拟计提后净值表.xlsx
2024-01-29_SCJ566,2024-01-29,SCJ566,无隅磐石一号私募投资基金,1.0191,1.3111,C:\Invest\净值存储\cmschina_20240129_无隅磐石一号私募投资基金_波克平衡多策略1号私募证券投资基金_TA虚拟计提后净值表.xlsx
2024-01-29_SSY355,2024-01-29,SSY355,无隅鲲鹏六号私募证券投资基金,0.8425,0.8425,C:\Invest\净值存储\cmschina_20240129_无隅鲲鹏六号私募证券投资基金_波克锐进多策略1号私募证券投资基金_TA虚拟计提后净值表.xlsx
2024-01-29_SQQ803,2024-01-29,SQQ803,概率1000指增1号私募证券投资基金,0.8781,1.25,C:\Invest\净值存储\cmschina_20240129_概率1000指增1号私募证券投资基金_赛韵网络科技(上海)有限公司_TA虚拟计提后净值表.xlsx
2024-01-29_SZM630,2024-01-29,SZM630,正定进取CTA4号私募证券投资基金,1.2151,1.2151,C:\Invest\净值存储\cmschina_20240129_正定进取CTA4号私募证券投资基金_波克稳健多策略1号私募证券投资基金_TA虚拟计提后净值表.xlsx
2024-01-29_SS8256,2024-01-29,SS8256,知行稳健1号私募投资基金,1.5418,1.5418,C:\Invest\净值存储\cmschina_20240129_知行稳健1号私募投资基金_轩克科技（上海）有限公司_TA虚拟计提后净值表.xlsx
2024-01-29_NV133B,2024-01-29,NV133B,蝶威基本面量化1号私募证券投资基金B,1.3714,1.4214,C:\Invest\净值存储\cmschina_20240129_蝶威基本面量化1号私募证券投资基金B_波克锐进多策略1号私募证券投资基金_TA虚拟计提后净值表.xlsx
2024-01-29_SLZ047,2024-01-29,SLZ047,衍复希格斯三号私募证券投资基金,1.2506,1.4056,C:\Invest\净值存储\cmschina_20240129_衍复希格斯三号私募证券投资基金_波克多策略1号私募证券投资基金_TA虚拟计提后净值表.xlsx
2024-01-29_SLP548,2024-01-29,SLP548,衍复希格斯二号私募证券投资基金,1.3407,1.3962,C:\Invest\净值存储\cmschina_20240129_衍复希格斯二号私募证券投资基金_波克多策略1号私募证券投资基金_TA虚拟计提后净值表.xlsx
2024-01-29_SABD47,2024-01-29,SABD47,衍复希格斯五号私募证券投资基金,1.0328,1.0328,C:\Invest\净值存储\cmschina_20240129_衍复希格斯五号私募证券投资基金_波克多策略1号私募证券投资基金_TA虚拟计提后净值表.xlsx
2024-01-29_SABD48,2024-01-29,SABD48,衍复希格斯六号私募证券投资基金,1.0386,1.0386,C:\Invest\净值存储\cmschina_20240129_衍复希格斯六号私募证券投资基金_波克多策略1号私募证券投资基金_TA虚拟计提后净值表.xlsx
2024-01-29_SABD46,2024-01-29,SABD46,衍复希格斯四号私募证券投资基金,1.0416,1.0416,C:\Invest\净值存储\cmschina_20240129_衍复希格斯四号私募证券投资基金_波克多策略1号私募证券投资基金_TA虚拟计提后净值表.xlsx
2024-01-29_ZW306A,2024-01-29,ZW306A,超量子量化中性1号私募证券投资基金A,1.0714,1.0714,C:\Invest\净值存储\cmschina_20240129_超量子量化中性1号私募证券投资基金A_TA虚拟计提后净值明细表.xlsx
2024-01-29_GZ942A,2024-01-29,GZ942A,跃威恒鑫一号私募证券投资基金A,1.0319,1.6124,C:\Invest\净值存储\cmschina_20240129_跃威恒鑫一号私募证券投资基金A_波克稳健多策略1号私募证券投资基金_TA虚拟计提后净值表.xlsx
2024-01-29_STR637,2024-01-29,STR637,远信中国价值成长12号私募证券投资基金9期,0.8905,0.8905,C:\Invest\净值存储\cmschina_20240129_远信中国价值成长12号私募证券投资基金9期_波克科技集团有限公司_TA虚拟计提后净值表.xlsx
2024-01-29_NZ614A,2024-01-29,NZ614A,量派对冲17号私募证券投资基金A,1.197,1.197,C:\Invest\净值存储\cmschina_20240129_量派对冲17号私募证券投资基金A_波克稳健多策略1号私募证券投资基金_TA虚拟计提后净值表.xlsx
2024-01-29_JV577A,2024-01-29,JV577A,锋滔星剑CTA一号私募证券投资基金A,1.0084,1.0084,C:\Invest\净值存储\cmschina_20240129_锋滔星剑CTA一号私募证券投资基金A_波克平衡多策略1号私募证券投资基金_TA虚拟计提后净值表.xlsx
2024-01-29_VV342A,2024-01-29,VV342A,锋滔鑫起点对冲8号私募证券投资基金A,1.1486,1.1486,C:\Invest\净值存储\cmschina_20240129_锋滔鑫起点对冲8号私募证券投资基金A_波克平衡多策略1号私募证券投资基金_TA虚拟计提后净值表.xlsx
2024-01-29_ZY015A,2024-01-29,ZY015A,锦徽中证500指数增强1号私募证券投资基金A,0.9148,0.9148,C:\Invest\净值存储\cmschina_20240129_锦徽中证500指数增强1号私募证券投资基金A_波克锐进多策略1号私募证券投资基金_TA虚拟计提后净值表.xlsx
2024-01-29_SA143A,2024-01-29,SA143A,顽岩中证500指数增强1号私募证券投资基金A,1.1236,1.2191,C:\Invest\净值存储\cmschina_20240129_顽岩中证500指数增强1号私募证券投资基金A_波克锐进多策略1号私募证券投资基金_TA虚拟计提后净值表.xlsx
2024-01-29_STE790,2024-01-29,STE790,顽岩中证500指数增强3号私募证券投资基金,0.9533,1.0331,C:\Invest\净值存储\cmschina_20240129_顽岩中证500指数增强3号私募证券投资基金_波克多策略1号私募证券投资基金_TA虚拟计提后净值表.xlsx
2024-01-29_ZS158A,2024-01-29,ZS158A,鸣熙1000指数增强1号私募证券投资基金A,0.8702,0.8702,C:\Invest\净值存储\cmschina_20240129_鸣熙1000指数增强1号私募证券投资基金A_波克锐进多策略1号私募证券投资基金_TA虚拟计提后净值表.xlsx
2024-01-29_SB5026,2024-01-29,SB5026,鸣熙绝对收益尊享1号私募证券投资基金,0.9835,0.9835,C:\Invest\净值存储\cmschina_20240129_鸣熙绝对收益尊享1号私募证券投资基金_波克平衡多策略1号私募证券投资基金_TA虚拟计提后净值表.xlsx
2024-01-30_SC274A,2024-01-30,SC274A,世纪前沿指数增强16号私募证券投资基金A,0.891,0.891,C:\Invest\净值存储\cmschina_20240130_世纪前沿指数增强16号私募证券投资基金A_波克锐进多策略1号私募证券投资基金_TA虚拟计提后净值表.xlsx
2024-01-30_SGR125,2024-01-30,SGR125,九章量化定制24号私募证券投资基金,1.1418,1.177,C:\Invest\净值存储\cmschina_20240130_九章量化定制24号私募证券投资基金_波克锐进多策略1号私募证券投资基金_TA虚拟计提后净值表.xlsx
2024-01-30_ZW449B,2024-01-30,ZW449B,乾象招盈量化对冲15号私募证券投资基金B,1.0364,1.0886,C:\Invest\净值存储\cmschina_20240130_乾象招盈量化对冲15号私募证券投资基金B_TA虚拟计提后净值明细表.xlsx
2024-01-30_VL333B,2024-01-30,VL333B,仲阳金石长河私募证券投资基金B,1.0966,1.0966,C:\Invest\净值存储\cmschina_20240130_仲阳金石长河私募证券投资基金B_波克平衡多策略1号私募证券投资基金_TA虚拟计提后净值表.xlsx
2024-01-30_SQC600,2024-01-30,SQC600,会世元启CTA11号私募证券投资基金,1.1055,1.1055,C:\Invest\净值存储\cmschina_20240130_会世元启CTA11号私募证券投资基金_赛韵网络科技(上海)有限公司_TA虚拟计提后净值表.xlsx
2024-01-30_SNX515,2024-01-30,SNX515,会世元启优孚CTA6号私募证券投资基金,1.0906,1.0906,C:\Invest\净值存储\cmschina_20240130_会世元启优孚CTA6号私募证券投资基金_波克锐进多策略1号私募证券投资基金_TA虚拟计提后净值表.xlsx
2024-01-30_SZM150,2024-01-30,SZM150,信弘对冲25号私募证券投资基金,1.1419,1.1419,C:\Invest\净值存储\cmschina_20240130_信弘对冲25号私募证券投资基金_波克平衡多策略1号私募证券投资基金_TA虚拟计提后净值表.xlsx
2024-01-30_SSB059,2024-01-30,SSB059,信弘征程对冲1号私募证券投资基金,1.4651,1.4651,C:\Invest\净值存储\cmschina_20240130_信弘征程对冲1号私募证券投资基金_波克平衡多策略1号私募证券投资基金_TA虚拟计提后净值表.xlsx
2024-01-30_B2050A,2024-01-30,B2050A,南京长木常青1号私募证券投资基金A,0.9962,1.2691,C:\Invest\净值存储\cmschina_20240130_南京长木常青1号私募证券投资基金A_TA虚拟计提后净值明细表.xlsx
2024-01-30_SVJ513,2024-01-30,SVJ513,固禾翡翠专享8号私募证券投资基金,0.9503,0.9503,C:\Invest\净值存储\cmschina_20240130_固禾翡翠专享8号私募证券投资基金_赛韵网络科技(上海)有限公司_TA虚拟计提后净值表.xlsx
2024-01-30_SSW933,2024-01-30,SSW933,念觉优恒12号私募证券投资基金,1.0939,1.0939,C:\Invest\净值存储\cmschina_20240130_念觉优恒12号私募证券投资基金_波克平衡多策略1号私募证券投资基金_TA虚拟计提后净值表.xlsx
2024-01-30_SCJ566,2024-01-30,SCJ566,无隅磐石一号私募投资基金,1.016,1.308,C:\Invest\净值存储\cmschina_20240130_无隅磐石一号私募投资基金_波克平衡多策略1号私募证券投资基金_TA虚拟计提后净值表.xlsx
2024-01-30_SSY355,2024-01-30,SSY355,无隅鲲鹏六号私募证券投资基金,0.8212,0.8212,C:\Invest\净值存储\cmschina_20240130_无隅鲲鹏六号私募证券投资基金_波克锐进多策略1号私募证券投资基金_TA虚拟计提后净值表.xlsx
2024-01-30_SQQ803,2024-01-30,SQQ803,概率1000指增1号私募证券投资基金,0.8482,1.2201,C:\Invest\净值存储\cmschina_20240130_概率1000指增1号私募证券投资基金_赛韵网络科技(上海)有限公司_TA虚拟计提后净值表.xlsx
2024-01-30_SZM630,2024-01-30,SZM630,正定进取CTA4号私募证券投资基金,1.2162,1.2162,C:\Invest\净值存储\cmschina_20240130_正定进取CTA4号私募证券投资基金_波克稳健多策略1号私募证券投资基金_TA虚拟计提后净值表.xlsx
2024-01-30_SS8256,2024-01-30,SS8256,知行稳健1号私募投资基金,1.5459,1.5459,C:\Invest\净值存储\cmschina_20240130_知行稳健1号私募投资基金_轩克科技（上海）有限公司_TA虚拟计提后净值表.xlsx
2024-01-30_NV133B,2024-01-30,NV133B,蝶威基本面量化1号私募证券投资基金B,1.3398,1.3898,C:\Invest\净值存储\cmschina_20240130_蝶威基本面量化1号私募证券投资基金B_波克锐进多策略1号私募证券投资基金_TA虚拟计提后净值表.xlsx
2024-01-30_SLZ047,2024-01-30,SLZ047,衍复希格斯三号私募证券投资基金,1.2164,1.3714,C:\Invest\净值存储\cmschina_20240130_衍复希格斯三号私募证券投资基金_波克多策略1号私募证券投资基金_TA虚拟计提后净值表.xlsx
2024-01-30_SLP548,2024-01-30,SLP548,衍复希格斯二号私募证券投资基金,1.3421,1.3976,C:\Invest\净值存储\cmschina_20240130_衍复希格斯二号私募证券投资基金_波克多策略1号私募证券投资基金_TA虚拟计提后净值表.xlsx
2024-01-30_SABD47,2024-01-30,SABD47,衍复希格斯五号私募证券投资基金,1.0318,1.0318,C:\Invest\净值存储\cmschina_20240130_衍复希格斯五号私募证券投资基金_波克多策略1号私募证券投资基金_TA虚拟计提后净值表.xlsx
2024-01-30_SABD48,2024-01-30,SABD48,衍复希格斯六号私募证券投资基金,1.0382,1.0382,C:\Invest\净值存储\cmschina_20240130_衍复希格斯六号私募证券投资基金_波克多策略1号私募证券投资基金_TA虚拟计提后净值表.xlsx
2024-01-30_SABD46,2024-01-30,SABD46,衍复希格斯四号私募证券投资基金,1.0406,1.0406,C:\Invest\净值存储\cmschina_20240130_衍复希格斯四号私募证券投资基金_波克多策略1号私募证券投资基金_TA虚拟计提后净值表.xlsx
2024-01-30_ZW306A,2024-01-30,ZW306A,超量子量化中性1号私募证券投资基金A,1.0711,1.0711,C:\Invest\净值存储\cmschina_20240130_超量子量化中性1号私募证券投资基金A_TA虚拟计提后净值明细表.xlsx
2024-01-30_GZ942A,2024-01-30,GZ942A,跃威恒鑫一号私募证券投资基金A,1.0302,1.6107,C:\Invest\净值存储\cmschina_20240130_跃威恒鑫一号私募证券投资基金A_波克稳健多策略1号私募证券投资基金_TA虚拟计提后净值表.xlsx
2024-01-30_STR637,2024-01-30,STR637,远信中国价值成长12号私募证券投资基金9期,0.8708,0.8708,C:\Invest\净值存储\cmschina_20240130_远信中国价值成长12号私募证券投资基金9期_波克科技集团有限公司_TA虚拟计提后净值表.xlsx
2024-01-30_NZ614A,2024-01-30,NZ614A,量派对冲17号私募证券投资基金A,1.1997,1.1997,C:\Invest\净值存储\cmschina_20240130_量派对冲17号私募证券投资基金A_波克稳健多策略1号私募证券投资基金_TA虚拟计提后净值表.xlsx
2024-01-30_JV577A,2024-01-30,JV577A,锋滔星剑CTA一号私募证券投资基金A,1.0094,1.0094,C:\Invest\净值存储\cmschina_20240130_锋滔星剑CTA一号私募证券投资基金A_波克平衡多策略1号私募证券投资基金_TA虚拟计提后净值表.xlsx
2024-01-30_VV342A,2024-01-30,VV342A,锋滔鑫起点对冲8号私募证券投资基金A,1.1499,1.1499,C:\Invest\净值存储\cmschina_20240130_锋滔鑫起点对冲8号私募证券投资基金A_波克平衡多策略1号私募证券投资基金_TA虚拟计提后净值表.xlsx
2024-01-30_ZY015A,2024-01-30,ZY015A,锦徽中证500指数增强1号私募证券投资基金A,0.8887,0.8887,C:\Invest\净值存储\cmschina_20240130_锦徽中证500指数增强1号私募证券投资基金A_波克锐进多策略1号私募证券投资基金_TA虚拟计提后净值表.xlsx
2024-01-30_SA143A,2024-01-30,SA143A,顽岩中证500指数增强1号私募证券投资基金A,1.0953,1.1908,C:\Invest\净值存储\cmschina_20240130_顽岩中证500指数增强1号私募证券投资基金A_波克锐进多策略1号私募证券投资基金_TA虚拟计提后净值表.xlsx
2024-01-30_STE790,2024-01-30,STE790,顽岩中证500指数增强3号私募证券投资基金,0.9287,1.0085,C:\Invest\净值存储\cmschina_20240130_顽岩中证500指数增强3号私募证券投资基金_波克多策略1号私募证券投资基金_TA虚拟计提后净值表.xlsx
2024-01-30_ZS158A,2024-01-30,ZS158A,鸣熙1000指数增强1号私募证券投资基金A,0.8425,0.8425,C:\Invest\净值存储\cmschina_20240130_鸣熙1000指数增强1号私募证券投资基金A_波克锐进多策略1号私募证券投资基金_TA虚拟计提后净值表.xlsx
2024-01-30_SB5026,2024-01-30,SB5026,鸣熙绝对收益尊享1号私募证券投资基金,0.9813,0.9813,C:\Invest\净值存储\cmschina_20240130_鸣熙绝对收益尊享1号私募证券投资基金_波克平衡多策略1号私募证券投资基金_TA虚拟计提后净值表.xlsx
2024-01-31_SC274A,2024-01-31,SC274A,世纪前沿指数增强16号私募证券投资基金A,0.8604,0.8604,C:\Invest\净值存储\cmschina_20240131_世纪前沿指数增强16号私募证券投资基金A_波克锐进多策略1号私募证券投资基金_TA虚拟计提后净值表.xlsx
2024-01-31_SGR125,2024-01-31,SGR125,九章量化定制24号私募证券投资基金,1.0926,1.1278,C:\Invest\净值存储\cmschina_20240131_九章量化定制24号私募证券投资基金_波克锐进多策略1号私募证券投资基金_TA虚拟计提后净值表.xlsx
2024-01-31_ZW449B,2024-01-31,ZW449B,乾象招盈量化对冲15号私募证券投资基金B,1.0272,1.0794,C:\Invest\净值存储\cmschina_20240131_乾象招盈量化对冲15号私募证券投资基金B_TA虚拟计提后净值明细表.xlsx
2024-01-31_VL333B,2024-01-31,VL333B,仲阳金石长河私募证券投资基金B,1.0946,1.0946,C:\Invest\净值存储\cmschina_20240131_仲阳金石长河私募证券投资基金B_波克平衡多策略1号私募证券投资基金_TA虚拟计提后净值表.xlsx
2024-01-31_SQC600,2024-01-31,SQC600,会世元启CTA11号私募证券投资基金,1.1075,1.1075,C:\Invest\净值存储\cmschina_20240131_会世元启CTA11号私募证券投资基金_赛韵网络科技(上海)有限公司_TA虚拟计提后净值表.xlsx
2024-01-31_SNX515,2024-01-31,SNX515,会世元启优孚CTA6号私募证券投资基金,1.0937,1.0937,C:\Invest\净值存储\cmschina_20240131_会世元启优孚CTA6号私募证券投资基金_波克锐进多策略1号私募证券投资基金_TA虚拟计提后净值表.xlsx
2024-01-31_SZM150,2024-01-31,SZM150,信弘对冲25号私募证券投资基金,1.1388,1.1388,C:\Invest\净值存储\cmschina_20240131_信弘对冲25号私募证券投资基金_波克平衡多策略1号私募证券投资基金_TA虚拟计提后净值表.xlsx
2024-01-31_SSB059,2024-01-31,SSB059,信弘征程对冲1号私募证券投资基金,1.4586,1.4586,C:\Invest\净值存储\cmschina_20240131_信弘征程对冲1号私募证券投资基金_波克平衡多策略1号私募证券投资基金_TA虚拟计提后净值表.xlsx
2024-01-31_B2050A,2024-01-31,B2050A,南京长木常青1号私募证券投资基金A,0.9906,1.2635,C:\Invest\净值存储\cmschina_20240131_南京长木常青1号私募证券投资基金A_TA虚拟计提后净值明细表.xlsx
2024-01-31_SVJ513,2024-01-31,SVJ513,固禾翡翠专享8号私募证券投资基金,0.9494,0.9494,C:\Invest\净值存储\cmschina_20240131_固禾翡翠专享8号私募证券投资基金_赛韵网络科技(上海)有限公司_TA虚拟计提后净值表.xlsx
2024-01-31_SSW933,2024-01-31,SSW933,念觉优恒12号私募证券投资基金,1.0874,1.0874,C:\Invest\净值存储\cmschina_20240131_念觉优恒12号私募证券投资基金_波克平衡多策略1号私募证券投资基金_TA虚拟计提后净值表.xlsx
2024-01-31_SCJ566,2024-01-31,SCJ566,无隅磐石一号私募投资基金,1.0049,1.2969,C:\Invest\净值存储\cmschina_20240131_无隅磐石一号私募投资基金_波克平衡多策略1号私募证券投资基金_TA虚拟计提后净值表.xlsx
2024-01-31_SSY355,2024-01-31,SSY355,无隅鲲鹏六号私募证券投资基金,0.7917,0.7917,C:\Invest\净值存储\cmschina_20240131_无隅鲲鹏六号私募证券投资基金_波克锐进多策略1号私募证券投资基金_TA虚拟计提后净值表.xlsx
2024-01-31_SQQ803,2024-01-31,SQQ803,概率1000指增1号私募证券投资基金,0.8071,1.179,C:\Invest\净值存储\cmschina_20240131_概率1000指增1号私募证券投资基金_赛韵网络科技(上海)有限公司_TA虚拟计提后净值表.xlsx
2024-01-31_SZM630,2024-01-31,SZM630,正定进取CTA4号私募证券投资基金,1.2135,1.2135,C:\Invest\净值存储\cmschina_20240131_正定进取CTA4号私募证券投资基金_波克稳健多策略1号私募证券投资基金_TA虚拟计提后净值表.xlsx
2024-01-31_SS8256,2024-01-31,SS8256,知行稳健1号私募投资基金,1.5431,1.5431,C:\Invest\净值存储\cmschina_20240131_知行稳健1号私募投资基金_轩克科技（上海）有限公司_TA虚拟计提后净值表.xlsx
2024-01-31_NV133B,2024-01-31,NV133B,蝶威基本面量化1号私募证券投资基金B,1.3045,1.3545,C:\Invest\净值存储\cmschina_20240131_蝶威基本面量化1号私募证券投资基金B_波克锐进多策略1号私募证券投资基金_TA虚拟计提后净值表.xlsx
2024-01-31_SLZ047,2024-01-31,SLZ047,衍复希格斯三号私募证券投资基金,1.1655,1.3205,C:\Invest\净值存储\cmschina_20240131_衍复希格斯三号私募证券投资基金_波克多策略1号私募证券投资基金_TA虚拟计提后净值表.xlsx
2024-01-31_SLP548,2024-01-31,SLP548,衍复希格斯二号私募证券投资基金,1.3322,1.3877,C:\Invest\净值存储\cmschina_20240131_衍复希格斯二号私募证券投资基金_波克多策略1号私募证券投资基金_TA虚拟计提后净值表.xlsx
2024-01-31_SABD47,2024-01-31,SABD47,衍复希格斯五号私募证券投资基金,1.0243,1.0243,C:\Invest\净值存储\cmschina_20240131_衍复希格斯五号私募证券投资基金_波克多策略1号私募证券投资基金_TA虚拟计提后净值表.xlsx
2024-01-31_SABD48,2024-01-31,SABD48,衍复希格斯六号私募证券投资基金,1.0382,1.0382,C:\Invest\净值存储\cmschina_20240131_衍复希格斯六号私募证券投资基金_波克多策略1号私募证券投资基金_TA虚拟计提后净值表.xlsx
2024-01-31_SABD46,2024-01-31,SABD46,衍复希格斯四号私募证券投资基金,1.0334,1.0334,C:\Invest\净值存储\cmschina_20240131_衍复希格斯四号私募证券投资基金_波克多策略1号私募证券投资基金_TA虚拟计提后净值表.xlsx
2024-01-31_ZW306A,2024-01-31,ZW306A,超量子量化中性1号私募证券投资基金A,1.0705,1.0705,C:\Invest\净值存储\cmschina_20240131_超量子量化中性1号私募证券投资基金A_TA虚拟计提后净值明细表.xlsx
2024-01-31_GZ942A,2024-01-31,GZ942A,跃威恒鑫一号私募证券投资基金A,1.0292,1.6097,C:\Invest\净值存储\cmschina_20240131_跃威恒鑫一号私募证券投资基金A_波克稳健多策略1号私募证券投资基金_TA虚拟计提后净值表.xlsx
2024-01-31_STR637,2024-01-31,STR637,远信中国价值成长12号私募证券投资基金9期,0.8535,0.8535,C:\Invest\净值存储\cmschina_20240131_远信中国价值成长12号私募证券投资基金9期_波克科技集团有限公司_TA虚拟计提后净值表.xlsx
2024-01-31_NZ614A,2024-01-31,NZ614A,量派对冲17号私募证券投资基金A,1.1945,1.1945,C:\Invest\净值存储\cmschina_20240131_量派对冲17号私募证券投资基金A_波克稳健多策略1号私募证券投资基金_TA虚拟计提后净值表.xlsx
2024-01-31_JV577A,2024-01-31,JV577A,锋滔星剑CTA一号私募证券投资基金A,1.0053,1.0053,C:\Invest\净值存储\cmschina_20240131_锋滔星剑CTA一号私募证券投资基金A_波克平衡多策略1号私募证券投资基金_TA虚拟计提后净值表.xlsx
2024-01-31_VV342A,2024-01-31,VV342A,锋滔鑫起点对冲8号私募证券投资基金A,1.1464,1.1464,C:\Invest\净值存储\cmschina_20240131_锋滔鑫起点对冲8号私募证券投资基金A_波克平衡多策略1号私募证券投资基金_TA虚拟计提后净值表.xlsx
2024-01-31_ZY015A,2024-01-31,ZY015A,锦徽中证500指数增强1号私募证券投资基金A,0.8526,0.8526,C:\Invest\净值存储\cmschina_20240131_锦徽中证500指数增强1号私募证券投资基金A_波克锐进多策略1号私募证券投资基金_TA虚拟计提后净值表.xlsx
2024-01-31_SA143A,2024-01-31,SA143A,顽岩中证500指数增强1号私募证券投资基金A,1.0623,1.1578,C:\Invest\净值存储\cmschina_20240131_顽岩中证500指数增强1号私募证券投资基金A_波克锐进多策略1号私募证券投资基金_TA虚拟计提后净值表.xlsx
2024-01-31_STE790,2024-01-31,STE790,顽岩中证500指数增强3号私募证券投资基金,0.9002,0.98,C:\Invest\净值存储\cmschina_20240131_顽岩中证500指数增强3号私募证券投资基金_波克多策略1号私募证券投资基金_TA虚拟计提后净值表.xlsx
2024-01-31_ZS158A,2024-01-31,ZS158A,鸣熙1000指数增强1号私募证券投资基金A,0.8008,0.8008,C:\Invest\净值存储\cmschina_20240131_鸣熙1000指数增强1号私募证券投资基金A_波克锐进多策略1号私募证券投资基金_TA虚拟计提后净值表.xlsx
2024-01-31_SB5026,2024-01-31,SB5026,鸣熙绝对收益尊享1号私募证券投资基金,0.9695,0.9695,C:\Invest\净值存储\cmschina_20240131_鸣熙绝对收益尊享1号私募证券投资基金_波克平衡多策略1号私募证券投资基金_TA虚拟计提后净值表.xlsx
2024-02-01_SC274A,2024-02-01,SC274A,世纪前沿指数增强16号私募证券投资基金A,0.8525,0.8525,C:\Invest\净值存储\cmschina_20240201_世纪前沿指数增强16号私募证券投资基金A_波克锐进多策略1号私募证券投资基金_TA虚拟计提后净值表.xlsx
2024-02-01_SGR125,2024-02-01,SGR125,九章量化定制24号私募证券投资基金,1.0779,1.1131,C:\Invest\净值存储\cmschina_20240201_九章量化定制24号私募证券投资基金_波克锐进多策略1号私募证券投资基金_TA虚拟计提后净值表.xlsx
2024-02-01_ZW449B,2024-02-01,ZW449B,乾象招盈量化对冲15号私募证券投资基金B,1.0255,1.0777,C:\Invest\净值存储\cmschina_20240201_乾象招盈量化对冲15号私募证券投资基金B_TA虚拟计提后净值明细表.xlsx
2024-02-01_VL333B,2024-02-01,VL333B,仲阳金石长河私募证券投资基金B,1.0936,1.0936,C:\Invest\净值存储\cmschina_20240201_仲阳金石长河私募证券投资基金B_波克平衡多策略1号私募证券投资基金_TA虚拟计提后净值表.xlsx
2024-02-01_SQC600,2024-02-01,SQC600,会世元启CTA11号私募证券投资基金,1.1076,1.1076,C:\Invest\净值存储\cmschina_20240201_会世元启CTA11号私募证券投资基金_赛韵网络科技(上海)有限公司_TA虚拟计提后净值表.xlsx
2024-02-01_SNX515,2024-02-01,SNX515,会世元启优孚CTA6号私募证券投资基金,1.0941,1.0941,C:\Invest\净值存储\cmschina_20240201_会世元启优孚CTA6号私募证券投资基金_波克锐进多策略1号私募证券投资基金_TA虚拟计提后净值表.xlsx
2024-02-01_SZM150,2024-02-01,SZM150,信弘对冲25号私募证券投资基金,1.1347,1.1347,C:\Invest\净值存储\cmschina_20240201_信弘对冲25号私募证券投资基金_波克平衡多策略1号私募证券投资基金_TA虚拟计提后净值表.xlsx
2024-02-01_SSB059,2024-02-01,SSB059,信弘征程对冲1号私募证券投资基金,1.4552,1.4552,C:\Invest\净值存储\cmschina_20240201_信弘征程对冲1号私募证券投资基金_波克平衡多策略1号私募证券投资基金_TA虚拟计提后净值表.xlsx
2024-02-01_B2050A,2024-02-01,B2050A,南京长木常青1号私募证券投资基金A,0.9846,1.2575,C:\Invest\净值存储\cmschina_20240201_南京长木常青1号私募证券投资基金A_TA虚拟计提后净值明细表.xlsx
2024-02-01_SVJ513,2024-02-01,SVJ513,固禾翡翠专享8号私募证券投资基金,0.949,0.949,C:\Invest\净值存储\cmschina_20240201_固禾翡翠专享8号私募证券投资基金_赛韵网络科技(上海)有限公司_TA虚拟计提后净值表.xlsx
2024-02-01_SSW933,2024-02-01,SSW933,念觉优恒12号私募证券投资基金,1.0835,1.0835,C:\Invest\净值存储\cmschina_20240201_念觉优恒12号私募证券投资基金_波克平衡多策略1号私募证券投资基金_TA虚拟计提后净值表.xlsx
2024-02-01_SCJ566,2024-02-01,SCJ566,无隅磐石一号私募投资基金,1.0016,1.2936,C:\Invest\净值存储\cmschina_20240201_无隅磐石一号私募投资基金_波克平衡多策略1号私募证券投资基金_TA虚拟计提后净值表.xlsx
2024-02-01_SSY355,2024-02-01,SSY355,无隅鲲鹏六号私募证券投资基金,0.7835,0.7835,C:\Invest\净值存储\cmschina_20240201_无隅鲲鹏六号私募证券投资基金_波克锐进多策略1号私募证券投资基金_TA虚拟计提后净值表.xlsx
2024-02-01_SQQ803,2024-02-01,SQQ803,概率1000指增1号私募证券投资基金,0.7929,1.1648,C:\Invest\净值存储\cmschina_20240201_概率1000指增1号私募证券投资基金_赛韵网络科技(上海)有限公司_TA虚拟计提后净值表.xlsx
2024-02-01_SZM630,2024-02-01,SZM630,正定进取CTA4号私募证券投资基金,1.2144,1.2144,C:\Invest\净值存储\cmschina_20240201_正定进取CTA4号私募证券投资基金_波克稳健多策略1号私募证券投资基金_TA虚拟计提后净值表.xlsx
2024-02-01_SS8256,2024-02-01,SS8256,知行稳健1号私募投资基金,1.5426,1.5426,C:\Invest\净值存储\cmschina_20240201_知行稳健1号私募投资基金_轩克科技（上海）有限公司_TA虚拟计提后净值表.xlsx
2024-02-01_NV133B,2024-02-01,NV133B,蝶威基本面量化1号私募证券投资基金B,1.3026,1.3526,C:\Invest\净值存储\cmschina_20240201_蝶威基本面量化1号私募证券投资基金B_波克锐进多策略1号私募证券投资基金_TA虚拟计提后净值表.xlsx
2024-02-01_SLZ047,2024-02-01,SLZ047,衍复希格斯三号私募证券投资基金,1.1554,1.3104,C:\Invest\净值存储\cmschina_20240201_衍复希格斯三号私募证券投资基金_波克多策略1号私募证券投资基金_TA虚拟计提后净值表.xlsx
2024-02-01_SLP548,2024-02-01,SLP548,衍复希格斯二号私募证券投资基金,1.3269,1.3824,C:\Invest\净值存储\cmschina_20240201_衍复希格斯二号私募证券投资基金_波克多策略1号私募证券投资基金_TA虚拟计提后净值表.xlsx
2024-02-01_SABD47,2024-02-01,SABD47,衍复希格斯五号私募证券投资基金,1.0259,1.0259,C:\Invest\净值存储\cmschina_20240201_衍复希格斯五号私募证券投资基金_波克多策略1号私募证券投资基金_TA虚拟计提后净值表.xlsx
2024-02-01_SABD48,2024-02-01,SABD48,衍复希格斯六号私募证券投资基金,1.0382,1.0382,C:\Invest\净值存储\cmschina_20240201_衍复希格斯六号私募证券投资基金_波克多策略1号私募证券投资基金_TA虚拟计提后净值表.xlsx
2024-02-01_SABD46,2024-02-01,SABD46,衍复希格斯四号私募证券投资基金,1.035,1.035,C:\Invest\净值存储\cmschina_20240201_衍复希格斯四号私募证券投资基金_波克多策略1号私募证券投资基金_TA虚拟计提后净值表.xlsx
2024-02-01_ZW306A,2024-02-01,ZW306A,超量子量化中性1号私募证券投资基金A,1.0697,1.0697,C:\Invest\净值存储\cmschina_20240201_超量子量化中性1号私募证券投资基金A_TA虚拟计提后净值明细表.xlsx
2024-02-01_GZ942A,2024-02-01,GZ942A,跃威恒鑫一号私募证券投资基金A,1.0287,1.6092,C:\Invest\净值存储\cmschina_20240201_跃威恒鑫一号私募证券投资基金A_波克稳健多策略1号私募证券投资基金_TA虚拟计提后净值表.xlsx
2024-02-01_STR637,2024-02-01,STR637,远信中国价值成长12号私募证券投资基金9期,0.8596,0.8596,C:\Invest\净值存储\cmschina_20240201_远信中国价值成长12号私募证券投资基金9期_波克科技集团有限公司_TA虚拟计提后净值表.xlsx
2024-02-01_NZ614A,2024-02-01,NZ614A,量派对冲17号私募证券投资基金A,1.194,1.194,C:\Invest\净值存储\cmschina_20240201_量派对冲17号私募证券投资基金A_波克稳健多策略1号私募证券投资基金_TA虚拟计提后净值表.xlsx
2024-02-01_JV577A,2024-02-01,JV577A,锋滔星剑CTA一号私募证券投资基金A,1.0032,1.0032,C:\Invest\净值存储\cmschina_20240201_锋滔星剑CTA一号私募证券投资基金A_波克平衡多策略1号私募证券投资基金_TA虚拟计提后净值表.xlsx
2024-02-01_VV342A,2024-02-01,VV342A,锋滔鑫起点对冲8号私募证券投资基金A,1.1454,1.1454,C:\Invest\净值存储\cmschina_20240201_锋滔鑫起点对冲8号私募证券投资基金A_波克平衡多策略1号私募证券投资基金_TA虚拟计提后净值表.xlsx
2024-02-01_ZY015A,2024-02-01,ZY015A,锦徽中证500指数增强1号私募证券投资基金A,0.8429,0.8429,C:\Invest\净值存储\cmschina_20240201_锦徽中证500指数增强1号私募证券投资基金A_波克锐进多策略1号私募证券投资基金_TA虚拟计提后净值表.xlsx
2024-02-01_SA143A,2024-02-01,SA143A,顽岩中证500指数增强1号私募证券投资基金A,1.052,1.1475,C:\Invest\净值存储\cmschina_20240201_顽岩中证500指数增强1号私募证券投资基金A_波克锐进多策略1号私募证券投资基金_TA虚拟计提后净值表.xlsx
2024-02-01_STE790,2024-02-01,STE790,顽岩中证500指数增强3号私募证券投资基金,0.8913,0.9711,C:\Invest\净值存储\cmschina_20240201_顽岩中证500指数增强3号私募证券投资基金_波克多策略1号私募证券投资基金_TA虚拟计提后净值表.xlsx
2024-02-01_ZS158A,2024-02-01,ZS158A,鸣熙1000指数增强1号私募证券投资基金A,0.7802,0.7802,C:\Invest\净值存储\cmschina_20240201_鸣熙1000指数增强1号私募证券投资基金A_波克锐进多策略1号私募证券投资基金_TA虚拟计提后净值表.xlsx
2024-02-01_SB5026,2024-02-01,SB5026,鸣熙绝对收益尊享1号私募证券投资基金,0.9566,0.9566,C:\Invest\净值存储\cmschina_20240201_鸣熙绝对收益尊享1号私募证券投资基金_波克平衡多策略1号私募证券投资基金_TA虚拟计提后净值表.xlsx
2024-02-02_SC274A,2024-02-02,SC274A,世纪前沿指数增强16号私募证券投资基金A,0.8238,0.8238,C:\Invest\净值存储\cmschina_20240202_世纪前沿指数增强16号私募证券投资基金A_波克锐进多策略1号私募证券投资基金_TA虚拟计提后净值表.xlsx
2024-02-02_SGR125,2024-02-02,SGR125,九章量化定制24号私募证券投资基金,1.0335,1.0687,C:\Invest\净值存储\cmschina_20240202_九章量化定制24号私募证券投资基金_波克锐进多策略1号私募证券投资基金_TA虚拟计提后净值表.xlsx
2024-02-02_ZW449B,2024-02-02,ZW449B,乾象招盈量化对冲15号私募证券投资基金B,1.0293,1.0815,C:\Invest\净值存储\cmschina_20240202_乾象招盈量化对冲15号私募证券投资基金B_TA虚拟计提后净值明细表.xlsx
2024-02-02_VL333B,2024-02-02,VL333B,仲阳金石长河私募证券投资基金B,1.0985,1.0985,C:\Invest\净值存储\cmschina_20240202_仲阳金石长河私募证券投资基金B_波克平衡多策略1号私募证券投资基金_TA虚拟计提后净值表.xlsx
2024-02-02_SQC600,2024-02-02,SQC600,会世元启CTA11号私募证券投资基金,1.0996,1.0996,C:\Invest\净值存储\cmschina_20240202_会世元启CTA11号私募证券投资基金_赛韵网络科技(上海)有限公司_TA虚拟计提后净值表.xlsx
2024-02-02_SNX515,2024-02-02,SNX515,会世元启优孚CTA6号私募证券投资基金,1.0849,1.0849,C:\Invest\净值存储\cmschina_20240202_会世元启优孚CTA6号私募证券投资基金_波克锐进多策略1号私募证券投资基金_TA虚拟计提后净值表.xlsx
2024-02-02_SZM150,2024-02-02,SZM150,信弘对冲25号私募证券投资基金,1.1421,1.1421,C:\Invest\净值存储\cmschina_20240202_信弘对冲25号私募证券投资基金_波克平衡多策略1号私募证券投资基金_TA虚拟计提后净值表.xlsx
2024-02-02_SSB059,2024-02-02,SSB059,信弘征程对冲1号私募证券投资基金,1.4569,1.4569,C:\Invest\净值存储\cmschina_20240202_信弘征程对冲1号私募证券投资基金_波克平衡多策略1号私募证券投资基金_TA虚拟计提后净值表.xlsx
2024-02-02_B2050A,2024-02-02,B2050A,南京长木常青1号私募证券投资基金A,0.9845,1.2574,C:\Invest\净值存储\cmschina_20240202_南京长木常青1号私募证券投资基金A_TA虚拟计提后净值明细表.xlsx
2024-02-02_SVJ513,2024-02-02,SVJ513,固禾翡翠专享8号私募证券投资基金,0.9477,0.9477,C:\Invest\净值存储\cmschina_20240202_固禾翡翠专享8号私募证券投资基金_赛韵网络科技(上海)有限公司_TA虚拟计提后净值表.xlsx
2024-02-02_SSW933,2024-02-02,SSW933,念觉优恒12号私募证券投资基金,1.0841,1.0841,C:\Invest\净值存储\cmschina_20240202_念觉优恒12号私募证券投资基金_波克平衡多策略1号私募证券投资基金_TA虚拟计提后净值表.xlsx
2024-02-02_SCJ566,2024-02-02,SCJ566,无隅磐石一号私募投资基金,1.0081,1.3001,C:\Invest\净值存储\cmschina_20240202_无隅磐石一号私募投资基金_波克平衡多策略1号私募证券投资基金_TA虚拟计提后净值表.xlsx
2024-02-02_SSY355,2024-02-02,SSY355,无隅鲲鹏六号私募证券投资基金,0.7573,0.7573,C:\Invest\净值存储\cmschina_20240202_无隅鲲鹏六号私募证券投资基金_波克锐进多策略1号私募证券投资基金_TA虚拟计提后净值表.xlsx
2024-02-02_SQQ803,2024-02-02,SQQ803,概率1000指增1号私募证券投资基金,0.754,1.1259,C:\Invest\净值存储\cmschina_20240202_概率1000指增1号私募证券投资基金_赛韵网络科技(上海)有限公司_TA虚拟计提后净值表.xlsx
2024-02-02_SZM630,2024-02-02,SZM630,正定进取CTA4号私募证券投资基金,1.2236,1.2236,C:\Invest\净值存储\cmschina_20240202_正定进取CTA4号私募证券投资基金_波克稳健多策略1号私募证券投资基金_TA虚拟计提后净值表.xlsx
2024-02-02_SS8256,2024-02-02,SS8256,知行稳健1号私募投资基金,1.5381,1.5381,C:\Invest\净值存储\cmschina_20240202_知行稳健1号私募投资基金_轩克科技（上海）有限公司_TA虚拟计提后净值表.xlsx
2024-02-02_NV133B,2024-02-02,NV133B,蝶威基本面量化1号私募证券投资基金B,1.2671,1.3171,C:\Invest\净值存储\cmschina_20240202_蝶威基本面量化1号私募证券投资基金B_波克锐进多策略1号私募证券投资基金_TA虚拟计提后净值表.xlsx
2024-02-02_SLZ047,2024-02-02,SLZ047,衍复希格斯三号私募证券投资基金,1.1117,1.2667,C:\Invest\净值存储\cmschina_20240202_衍复希格斯三号私募证券投资基金_波克多策略1号私募证券投资基金_TA虚拟计提后净值表.xlsx
2024-02-02_SLP548,2024-02-02,SLP548,衍复希格斯二号私募证券投资基金,1.328,1.3835,C:\Invest\净值存储\cmschina_20240202_衍复希格斯二号私募证券投资基金_波克多策略1号私募证券投资基金_TA虚拟计提后净值表.xlsx
2024-02-02_SABD47,2024-02-02,SABD47,衍复希格斯五号私募证券投资基金,1.0356,1.0356,C:\Invest\净值存储\cmschina_20240202_衍复希格斯五号私募证券投资基金_波克多策略1号私募证券投资基金_TA虚拟计提后净值表.xlsx
2024-02-02_SABD48,2024-02-02,SABD48,衍复希格斯六号私募证券投资基金,1.0383,1.0383,C:\Invest\净值存储\cmschina_20240202_衍复希格斯六号私募证券投资基金_波克多策略1号私募证券投资基金_TA虚拟计提后净值表.xlsx
2024-02-02_SABD46,2024-02-02,SABD46,衍复希格斯四号私募证券投资基金,1.0442,1.0442,C:\Invest\净值存储\cmschina_20240202_衍复希格斯四号私募证券投资基金_波克多策略1号私募证券投资基金_TA虚拟计提后净值表.xlsx
2024-02-02_ZW306A,2024-02-02,ZW306A,超量子量化中性1号私募证券投资基金A,1.0693,1.0693,C:\Invest\净值存储\cmschina_20240202_超量子量化中性1号私募证券投资基金A_TA虚拟计提后净值明细表.xlsx
2024-02-02_GZ942A,2024-02-02,GZ942A,跃威恒鑫一号私募证券投资基金A,1.0285,1.609,C:\Invest\净值存储\cmschina_20240202_跃威恒鑫一号私募证券投资基金A_波克稳健多策略1号私募证券投资基金_TA虚拟计提后净值表.xlsx
2024-02-02_STR637,2024-02-02,STR637,远信中国价值成长12号私募证券投资基金9期,0.8508,0.8508,C:\Invest\净值存储\cmschina_20240202_远信中国价值成长12号私募证券投资基金9期_波克科技集团有限公司_TA虚拟计提后净值表.xlsx
2024-02-02_NZ614A,2024-02-02,NZ614A,量派对冲17号私募证券投资基金A,1.2006,1.2006,C:\Invest\净值存储\cmschina_20240202_量派对冲17号私募证券投资基金A_波克稳健多策略1号私募证券投资基金_TA虚拟计提后净值表.xlsx
2024-02-02_JV577A,2024-02-02,JV577A,锋滔星剑CTA一号私募证券投资基金A,1.0005,1.0005,C:\Invest\净值存储\cmschina_20240202_锋滔星剑CTA一号私募证券投资基金A_波克平衡多策略1号私募证券投资基金_TA虚拟计提后净值表.xlsx
2024-02-02_VV342A,2024-02-02,VV342A,锋滔鑫起点对冲8号私募证券投资基金A,1.1476,1.1476,C:\Invest\净值存储\cmschina_20240202_锋滔鑫起点对冲8号私募证券投资基金A_波克平衡多策略1号私募证券投资基金_TA虚拟计提后净值表.xlsx
2024-02-02_ZY015A,2024-02-02,ZY015A,锦徽中证500指数增强1号私募证券投资基金A,0.8073,0.8073,C:\Invest\净值存储\cmschina_20240202_锦徽中证500指数增强1号私募证券投资基金A_波克锐进多策略1号私募证券投资基金_TA虚拟计提后净值表.xlsx
2024-02-02_SA143A,2024-02-02,SA143A,顽岩中证500指数增强1号私募证券投资基金A,1.022,1.1175,C:\Invest\净值存储\cmschina_20240202_顽岩中证500指数增强1号私募证券投资基金A_波克锐进多策略1号私募证券投资基金_TA虚拟计提后净值表.xlsx
2024-02-02_STE790,2024-02-02,STE790,顽岩中证500指数增强3号私募证券投资基金,0.8647,0.9445,C:\Invest\净值存储\cmschina_20240202_顽岩中证500指数增强3号私募证券投资基金_波克多策略1号私募证券投资基金_TA虚拟计提后净值表.xlsx
2024-02-02_ZS158A,2024-02-02,ZS158A,鸣熙1000指数增强1号私募证券投资基金A,0.7499,0.7499,C:\Invest\净值存储\cmschina_20240202_鸣熙1000指数增强1号私募证券投资基金A_波克锐进多策略1号私募证券投资基金_TA虚拟计提后净值表.xlsx
2024-02-02_SB5026,2024-02-02,SB5026,鸣熙绝对收益尊享1号私募证券投资基金,0.9593,0.9593,C:\Invest\净值存储\cmschina_20240202_鸣熙绝对收益尊享1号私募证券投资基金_波克平衡多策略1号私募证券投资基金_TA虚拟计提后净值表.xlsx
2024-02-02_SU488B,2024-02-02,SU488B,黑翼CTA-T21私募证券投资基金B,1.1574,1.1574,C:\Invest\净值存储\cmschina_20240202_黑翼CTA-T21私募证券投资基金B_波克锐进多策略1号私募证券投资基金_TA虚拟计提后净值表.xlsx
2024-02-05_SC274A,2024-02-05,SC274A,世纪前沿指数增强16号私募证券投资基金A,0.7807,0.7807,C:\Invest\净值存储\cmschina_20240205_世纪前沿指数增强16号私募证券投资基金A_波克锐进多策略1号私募证券投资基金_TA虚拟计提后净值表.xlsx
2024-02-05_SGR125,2024-02-05,SGR125,九章量化定制24号私募证券投资基金,0.9523,0.9875,C:\Invest\净值存储\cmschina_20240205_九章量化定制24号私募证券投资基金_波克锐进多策略1号私募证券投资基金_TA虚拟计提后净值表.xlsx
2024-02-05_ZW449B,2024-02-05,ZW449B,乾象招盈量化对冲15号私募证券投资基金B,0.9848,1.037,C:\Invest\净值存储\cmschina_20240205_乾象招盈量化对冲15号私募证券投资基金B_TA虚拟计提后净值明细表.xlsx
2024-02-05_VL333B,2024-02-05,VL333B,仲阳金石长河私募证券投资基金B,1.0888,1.0888,C:\Invest\净值存储\cmschina_20240205_仲阳金石长河私募证券投资基金B_波克平衡多策略1号私募证券投资基金_TA虚拟计提后净值表.xlsx
2024-02-05_SQC600,2024-02-05,SQC600,会世元启CTA11号私募证券投资基金,1.098,1.098,C:\Invest\净值存储\cmschina_20240205_会世元启CTA11号私募证券投资基金_赛韵网络科技(上海)有限公司_TA虚拟计提后净值表.xlsx
2024-02-05_SNX515,2024-02-05,SNX515,会世元启优孚CTA6号私募证券投资基金,1.0832,1.0832,C:\Invest\净值存储\cmschina_20240205_会世元启优孚CTA6号私募证券投资基金_波克锐进多策略1号私募证券投资基金_TA虚拟计提后净值表.xlsx
2024-02-05_SZM150,2024-02-05,SZM150,信弘对冲25号私募证券投资基金,1.1414,1.1414,C:\Invest\净值存储\cmschina_20240205_信弘对冲25号私募证券投资基金_波克平衡多策略1号私募证券投资基金_TA虚拟计提后净值表.xlsx
2024-02-05_SSB059,2024-02-05,SSB059,信弘征程对冲1号私募证券投资基金,1.4474,1.4474,C:\Invest\净值存储\cmschina_20240205_信弘征程对冲1号私募证券投资基金_波克平衡多策略1号私募证券投资基金_TA虚拟计提后净值表.xlsx
2024-02-05_B2050A,2024-02-05,B2050A,南京长木常青1号私募证券投资基金A,0.9824,1.2553,C:\Invest\净值存储\cmschina_20240205_南京长木常青1号私募证券投资基金A_TA虚拟计提后净值明细表.xlsx
2024-02-05_SVJ513,2024-02-05,SVJ513,固禾翡翠专享8号私募证券投资基金,0.9484,0.9484,C:\Invest\净值存储\cmschina_20240205_固禾翡翠专享8号私募证券投资基金_赛韵网络科技(上海)有限公司_TA虚拟计提后净值表.xlsx
2024-02-05_SSW933,2024-02-05,SSW933,念觉优恒12号私募证券投资基金,1.0601,1.0601,C:\Invest\净值存储\cmschina_20240205_念觉优恒12号私募证券投资基金_波克平衡多策略1号私募证券投资基金_TA虚拟计提后净值表.xlsx
2024-02-05_SCJ566,2024-02-05,SCJ566,无隅磐石一号私募投资基金,0.9822,1.2742,C:\Invest\净值存储\cmschina_20240205_无隅磐石一号私募投资基金_波克平衡多策略1号私募证券投资基金_TA虚拟计提后净值表.xlsx
2024-02-05_SSY355,2024-02-05,SSY355,无隅鲲鹏六号私募证券投资基金,0.717,0.717,C:\Invest\净值存储\cmschina_20240205_无隅鲲鹏六号私募证券投资基金_波克锐进多策略1号私募证券投资基金_TA虚拟计提后净值表.xlsx
2024-02-05_SQQ803,2024-02-05,SQQ803,概率1000指增1号私募证券投资基金,0.6861,1.058,C:\Invest\净值存储\cmschina_20240205_概率1000指增1号私募证券投资基金_赛韵网络科技(上海)有限公司_TA虚拟计提后净值表.xlsx
2024-02-05_SZM630,2024-02-05,SZM630,正定进取CTA4号私募证券投资基金,1.2104,1.2104,C:\Invest\净值存储\cmschina_20240205_正定进取CTA4号私募证券投资基金_波克稳健多策略1号私募证券投资基金_TA虚拟计提后净值表.xlsx
2024-02-05_SS8256,2024-02-05,SS8256,知行稳健1号私募投资基金,1.5375,1.5375,C:\Invest\净值存储\cmschina_20240205_知行稳健1号私募投资基金_轩克科技（上海）有限公司_TA虚拟计提后净值表.xlsx
2024-02-05_NV133B,2024-02-05,NV133B,蝶威基本面量化1号私募证券投资基金B,1.2177,1.2677,C:\Invest\净值存储\cmschina_20240205_蝶威基本面量化1号私募证券投资基金B_波克锐进多策略1号私募证券投资基金_TA虚拟计提后净值表.xlsx
2024-02-05_SLZ047,2024-02-05,SLZ047,衍复希格斯三号私募证券投资基金,1.0363,1.1913,C:\Invest\净值存储\cmschina_20240205_衍复希格斯三号私募证券投资基金_波克多策略1号私募证券投资基金_TA虚拟计提后净值表.xlsx
2024-02-05_SLP548,2024-02-05,SLP548,衍复希格斯二号私募证券投资基金,1.2899,1.3454,C:\Invest\净值存储\cmschina_20240205_衍复希格斯二号私募证券投资基金_波克多策略1号私募证券投资基金_TA虚拟计提后净值表.xlsx
2024-02-05_SABD47,2024-02-05,SABD47,衍复希格斯五号私募证券投资基金,1.0102,1.0102,C:\Invest\净值存储\cmschina_20240205_衍复希格斯五号私募证券投资基金_波克多策略1号私募证券投资基金_TA虚拟计提后净值表.xlsx
2024-02-05_SABD48,2024-02-05,SABD48,衍复希格斯六号私募证券投资基金,1.0384,1.0384,C:\Invest\净值存储\cmschina_20240205_衍复希格斯六号私募证券投资基金_波克多策略1号私募证券投资基金_TA虚拟计提后净值表.xlsx
2024-02-05_SABD46,2024-02-05,SABD46,衍复希格斯四号私募证券投资基金,1.0204,1.0204,C:\Invest\净值存储\cmschina_20240205_衍复希格斯四号私募证券投资基金_波克多策略1号私募证券投资基金_TA虚拟计提后净值表.xlsx
2024-02-05_GZ942A,2024-02-05,GZ942A,跃威恒鑫一号私募证券投资基金A,1.0141,1.5946,C:\Invest\净值存储\cmschina_20240205_跃威恒鑫一号私募证券投资基金A_波克稳健多策略1号私募证券投资基金_TA虚拟计提后净值表.xlsx
2024-02-05_STR637,2024-02-05,STR637,远信中国价值成长12号私募证券投资基金9期,0.8544,0.8544,C:\Invest\净值存储\cmschina_20240205_远信中国价值成长12号私募证券投资基金9期_波克科技集团有限公司_TA虚拟计提后净值表.xlsx
2024-02-05_NZ614A,2024-02-05,NZ614A,量派对冲17号私募证券投资基金A,1.2052,1.2052,C:\Invest\净值存储\cmschina_20240205_量派对冲17号私募证券投资基金A_波克稳健多策略1号私募证券投资基金_TA虚拟计提后净值表.xlsx
2024-02-05_JV577A,2024-02-05,JV577A,锋滔星剑CTA一号私募证券投资基金A,0.9857,0.9857,C:\Invest\净值存储\cmschina_20240205_锋滔星剑CTA一号私募证券投资基金A_波克平衡多策略1号私募证券投资基金_TA虚拟计提后净值表.xlsx
2024-02-05_VV342A,2024-02-05,VV342A,锋滔鑫起点对冲8号私募证券投资基金A,1.1369,1.1369,C:\Invest\净值存储\cmschina_20240205_锋滔鑫起点对冲8号私募证券投资基金A_波克平衡多策略1号私募证券投资基金_TA虚拟计提后净值表.xlsx
2024-02-05_ZY015A,2024-02-05,ZY015A,锦徽中证500指数增强1号私募证券投资基金A,0.779,0.779,C:\Invest\净值存储\cmschina_20240205_锦徽中证500指数增强1号私募证券投资基金A_波克锐进多策略1号私募证券投资基金_TA虚拟计提后净值表.xlsx
2024-02-05_SA143A,2024-02-05,SA143A,顽岩中证500指数增强1号私募证券投资基金A,0.9663,1.0618,C:\Invest\净值存储\cmschina_20240205_顽岩中证500指数增强1号私募证券投资基金A_波克锐进多策略1号私募证券投资基金_TA虚拟计提后净值表.xlsx
2024-02-05_STE790,2024-02-05,STE790,顽岩中证500指数增强3号私募证券投资基金,0.8171,0.8969,C:\Invest\净值存储\cmschina_20240205_顽岩中证500指数增强3号私募证券投资基金_波克多策略1号私募证券投资基金_TA虚拟计提后净值表.xlsx
2024-02-05_ZS158A,2024-02-05,ZS158A,鸣熙1000指数增强1号私募证券投资基金A,0.7055,0.7055,C:\Invest\净值存储\cmschina_20240205_鸣熙1000指数增强1号私募证券投资基金A_波克锐进多策略1号私募证券投资基金_TA虚拟计提后净值表.xlsx
2024-02-05_SB5026,2024-02-05,SB5026,鸣熙绝对收益尊享1号私募证券投资基金,0.9566,0.9566,C:\Invest\净值存储\cmschina_20240205_鸣熙绝对收益尊享1号私募证券投资基金_波克平衡多策略1号私募证券投资基金_TA虚拟计提后净值表.xlsx
2024-01-29_SADR48,2024-01-29,SADR48,波克探索1号私募证券投资基金,1.0192,1.0192,C:\Invest\净值存储\cmschina_SADR48波克探索1号私募证券投资基金委托资产资产估值表20240129.xls
2024-01-31_SADR48,2024-01-31,SADR48,波克探索1号私募证券投资基金,1.0152,1.0152,C:\Invest\净值存储\cmschina_SADR48波克探索1号私募证券投资基金委托资产资产估值表20240131.xls
2024-02-01_SADR48,2024-02-01,SADR48,波克探索1号私募证券投资基金,1.0137,1.0137,C:\Invest\净值存储\cmschina_SADR48波克探索1号私募证券投资基金委托资产资产估值表20240201.xls
2024-02-02_SADR48,2024-02-02,SADR48,波克探索1号私募证券投资基金,1.0198,1.0198,C:\Invest\净值存储\cmschina_SADR48波克探索1号私募证券投资基金委托资产资产估值表20240202.xls
2024-02-05_SADR48,2024-02-05,SADR48,波克探索1号私募证券投资基金,0.9955,0.9955,C:\Invest\净值存储\cmschina_SADR48波克探索1号私募证券投资基金委托资产资产估值表20240205.xls
2024-01-29_SB0679,2024-01-29,SB0679,波克天工量化对冲1号私募证券投资基金,1.0704,1.0718,C:\Invest\净值存储\cmschina_SB0679波克天工量化对冲1号私募证券投资基金委托资产资产估值表20240129.xls
2024-01-30_SB0679,2024-01-30,SB0679,波克天工量化对冲1号私募证券投资基金,1.0714,1.0728,C:\Invest\净值存储\cmschina_SB0679波克天工量化对冲1号私募证券投资基金委托资产资产估值表20240130.xls
2024-01-31_SB0679,2024-01-31,SB0679,波克天工量化对冲1号私募证券投资基金,1.0667,1.0681,C:\Invest\净值存储\cmschina_SB0679波克天工量化对冲1号私募证券投资基金委托资产资产估值表20240131.xls
2024-02-01_SB0679,2024-02-01,SB0679,波克天工量化对冲1号私募证券投资基金,1.0655,1.0669,C:\Invest\净值存储\cmschina_SB0679波克天工量化对冲1号私募证券投资基金委托资产资产估值表20240201.xls
2024-02-02_SB0679,2024-02-02,SB0679,波克天工量化对冲1号私募证券投资基金,1.0719,1.0734,C:\Invest\净值存储\cmschina_SB0679波克天工量化对冲1号私募证券投资基金委托资产资产估值表20240202.xls
2024-02-05_SB0679,2024-02-05,SB0679,波克天工量化对冲1号私募证券投资基金,1.0554,1.0568,C:\Invest\净值存储\cmschina_SB0679波克天工量化对冲1号私募证券投资基金委托资产资产估值表20240205.xls
2024-01-31_SB2050,2024-01-31,SB2050,南京长木常青1号私募证券投资基金,1.021,1.2625,C:\Invest\净值存储\cmschina_SB2050南京长木常青1号私募证券投资基金委托资产资产估值表20240131三级科目.xls
2024-01-29_SB4549,2024-01-29,SB4549,波克锐进多策略1号私募证券投资基金,0.8706,0.8706,C:\Invest\净值存储\cmschina_SB4549波克锐进多策略1号私募证券投资基金委托资产资产估值表20240129.xls
2024-01-30_SB4549,2024-01-30,SB4549,波克锐进多策略1号私募证券投资基金,0.8505,0.8506,C:\Invest\净值存储\cmschina_SB4549波克锐进多策略1号私募证券投资基金委托资产资产估值表20240130.xls
2024-01-31_SB4549,2024-01-31,SB4549,波克锐进多策略1号私募证券投资基金,0.8266,0.8266,C:\Invest\净值存储\cmschina_SB4549波克锐进多策略1号私募证券投资基金委托资产资产估值表20240131.xls
2024-02-01_SB4549,2024-02-01,SB4549,波克锐进多策略1号私募证券投资基金,0.82,0.82,C:\Invest\净值存储\cmschina_SB4549波克锐进多策略1号私募证券投资基金委托资产资产估值表20240201.xls
2024-02-02_SB4549,2024-02-02,SB4549,波克锐进多策略1号私募证券投资基金,0.7892,0.7892,C:\Invest\净值存储\cmschina_SB4549波克锐进多策略1号私募证券投资基金委托资产资产估值表20240202.xls
2024-01-29_SB6744,2024-01-29,SB6744,波克多策略3号私募证券投资基金,0.9708,0.9708,C:\Invest\净值存储\cmschina_SB6744波克多策略3号私募证券投资基金委托资产资产估值表20240129.xls
2024-01-30_SB6744,2024-01-30,SB6744,波克多策略3号私募证券投资基金,0.9619,0.9619,C:\Invest\净值存储\cmschina_SB6744波克多策略3号私募证券投资基金委托资产资产估值表20240130.xls
2024-01-31_SB6744,2024-01-31,SB6744,波克多策略3号私募证券投资基金,0.9477,0.9477,C:\Invest\净值存储\cmschina_SB6744波克多策略3号私募证券投资基金委托资产资产估值表20240131.xls
2024-02-01_SB6744,2024-02-01,SB6744,波克多策略3号私募证券投资基金,0.9431,0.9431,C:\Invest\净值存储\cmschina_SB6744波克多策略3号私募证券投资基金委托资产资产估值表20240201.xls
2024-01-29_SB9154,2024-01-29,SB9154,波克天工量化指增1号私募证券投资基金,0.9728,0.9735,C:\Invest\净值存储\cmschina_SB9154波克天工量化指增1号私募证券投资基金委托资产资产估值表20240129.xls
2024-01-30_SB9154,2024-01-30,SB9154,波克天工量化指增1号私募证券投资基金,0.9372,0.9379,C:\Invest\净值存储\cmschina_SB9154波克天工量化指增1号私募证券投资基金委托资产资产估值表20240130.xls
2024-01-31_SB9154,2024-01-31,SB9154,波克天工量化指增1号私募证券投资基金,0.8818,0.8825,C:\Invest\净值存储\cmschina_SB9154波克天工量化指增1号私募证券投资基金委托资产资产估值表20240131.xls
2024-02-01_SB9154,2024-02-01,SB9154,波克天工量化指增1号私募证券投资基金,0.8615,0.8622,C:\Invest\净值存储\cmschina_SB9154波克天工量化指增1号私募证券投资基金委托资产资产估值表20240201.xls
2024-02-02_SB9154,2024-02-02,SB9154,波克天工量化指增1号私募证券投资基金,0.8155,0.8161,C:\Invest\净值存储\cmschina_SB9154波克天工量化指增1号私募证券投资基金委托资产资产估值表20240202.xls
2024-02-05_SB9154,2024-02-05,SB9154,波克天工量化指增1号私募证券投资基金,0.7307,0.7312,C:\Invest\净值存储\cmschina_SB9154波克天工量化指增1号私募证券投资基金委托资产资产估值表20240205.xls
2024-01-31_SGZ942,2024-01-31,SGZ942,跃威恒鑫一号私募证券投资基金,1.0292,1.6097,C:\Invest\净值存储\cmschina_SGZ942跃威恒鑫一号私募证券投资基金委托资产资产估值表20240131三级科目.xls
2024-01-29_SJF488,2024-01-29,SJF488,量宇红番茄七号私募证券投资基金,1.102,1.5109,C:\Invest\净值存储\cmschina_SJF488-2024年01月29日-发送每日净值信息.xls
2024-01-30_SJF488,2024-01-30,SJF488,量宇红番茄七号私募证券投资基金,1.0945,1.5034,C:\Invest\净值存储\cmschina_SJF488-2024年01月30日-发送每日净值信息.xls
2024-01-31_SJF488,2024-01-31,SJF488,量宇红番茄七号私募证券投资基金,1.0796,1.4885,C:\Invest\净值存储\cmschina_SJF488-2024年01月31日-发送每日净值信息.xls
2024-02-01_SJF488,2024-02-01,SJF488,量宇红番茄七号私募证券投资基金,1.0736,1.4825,C:\Invest\净值存储\cmschina_SJF488-2024年02月01日-发送每日净值信息.xls
2024-02-02_SJF488,2024-02-02,SJF488,量宇红番茄七号私募证券投资基金,1.0638,1.4727,C:\Invest\净值存储\cmschina_SJF488-2024年02月02日-发送每日净值信息.xls
2024-02-05_SJF488,2024-02-05,SJF488,量宇红番茄七号私募证券投资基金,1.0273,1.4362,C:\Invest\净值存储\cmschina_SJF488-2024年02月05日-发送每日净值信息.xls
2024-01-31_SJV577,2024-01-31,SJV577,锋滔星剑CTA一号私募证券投资基金,1.0053,1.0053,C:\Invest\净值存储\cmschina_SJV577锋滔星剑CTA一号私募证券投资基金委托资产资产估值表20240131三级科目.xls
2024-01-31_SNV133,2024-01-31,SNV133,蝶威基本面量化1号私募证券投资基金,1.3148,1.3545,C:\Invest\净值存储\cmschina_SNV133蝶威基本面量化1号私募证券投资基金委托资产资产估值表20240131三级科目.xls
2024-01-31_SNZ614,2024-01-31,SNZ614,量派对冲17号私募证券投资基金,1.1945,1.1945,C:\Invest\净值存储\cmschina_SNZ614量派对冲17号私募证券投资基金委托资产资产估值表20240131三级科目.xls
2024-02-02_SNZ614,2024-02-02,SNZ614,量派对冲17号私募证券投资基金,1.2006,1.2006,C:\Invest\净值存储\cmschina_SNZ614量派对冲17号私募证券投资基金委托资产资产估值表20240202三级科目.xls
2024-01-31_SSA143,2024-01-31,SSA143,顽岩中证500指数增强1号私募证券投资基金,1.0623,1.1578,C:\Invest\净值存储\cmschina_SSA143顽岩中证500指数增强1号私募证券投资基金委托资产资产估值表20240131三级科目.xls
2024-01-31_SSC274,2024-01-31,SSC274,世纪前沿指数增强16号私募证券投资基金,0.8611,0.877,C:\Invest\净值存储\cmschina_SSC274世纪前沿指数增强16号私募证券投资基金委托资产资产估值表20240131三级科目.xls
2024-01-29_SSR090,2024-01-29,SSR090,星阔希享1号私募证券投资基金,1.0448,1.0448,C:\Invest\净值存储\cmschina_SSR090-2024年01月29日-发送每日净值信息.xls
2024-01-30_SSR090,2024-01-30,SSR090,星阔希享1号私募证券投资基金,1.0407,1.0407,C:\Invest\净值存储\cmschina_SSR090-2024年01月30日-发送每日净值信息.xls
2024-01-31_SSR090,2024-01-31,SSR090,星阔希享1号私募证券投资基金,1.0335,1.0335,C:\Invest\净值存储\cmschina_SSR090-2024年01月31日-发送每日净值信息.xls
2024-02-01_SSR090,2024-02-01,SSR090,星阔希享1号私募证券投资基金,1.028,1.028,C:\Invest\净值存储\cmschina_SSR090-2024年02月01日-发送每日净值信息.xls
2024-02-02_SSR090,2024-02-02,SSR090,星阔希享1号私募证券投资基金,1.0313,1.0313,C:\Invest\净值存储\cmschina_SSR090-2024年02月02日-发送每日净值信息.xls
2024-02-05_SSR090,2024-02-05,SSR090,星阔希享1号私募证券投资基金,1.0169,1.0169,C:\Invest\净值存储\cmschina_SSR090-2024年02月05日-发送每日净值信息.xls
2024-01-31_SSU488,2024-01-31,SSU488,券投资基金,1.1679,1.1572,C:\Invest\净值存储\cmschina_SSU488黑翼CTA-T21私募证券投资基金委托资产资产估值表20240131三级科目.xls
2024-01-31_SVL333,2024-01-31,SVL333,仲阳金石长河私募证券投资基金,1.0946,1.0946,C:\Invest\净值存储\cmschina_SVL333仲阳金石长河私募证券投资基金委托资产资产估值表20240131三级科目.xls
2024-01-31_SVV342,2024-01-31,SVV342,锋滔鑫起点对冲8号私募证券投资基金,1.1464,1.1464,C:\Invest\净值存储\cmschina_SVV342锋滔鑫起点对冲8号私募证券投资基金委托资产资产估值表20240131三级科目.xls
2024-01-31_SXT178,2024-01-31,SXT178,正定进取CTA1号私募证券投资基金,2.6494,2.6494,C:\Invest\净值存储\cmschina_SXT178正定进取CTA1号私募证券投资基金委托资产资产估值表20240131三级科目.xls
2024-02-02_SXT178,2024-02-02,SXT178,正定进取CTA1号私募证券投资基金,2.6618,2.6618,C:\Invest\净值存储\cmschina_SXT178正定进取CTA1号私募证券投资基金委托资产资产估值表20240202三级科目.xls
2024-01-31_SXT184,2024-01-31,SXT184,正定进取CTA2号私募证券投资基金,1.5337,1.5337,C:\Invest\净值存储\cmschina_SXT184正定进取CTA2号私募证券投资基金委托资产资产估值表20240131三级科目.xls
2024-02-02_SXT184,2024-02-02,SXT184,正定进取CTA2号私募证券投资基金,1.5927,1.5927,C:\Invest\净值存储\cmschina_SXT184正定进取CTA2号私募证券投资基金委托资产资产估值表20240202三级科目.xls
2024-01-29_SXT459,2024-01-29,SXT459,量宇波量子A1私募证券投资基金,0.99,0.99,C:\Invest\净值存储\cmschina_SXT459-2024年01月29日-发送每日净值信息.xls
2024-01-30_SXT459,2024-01-30,SXT459,量宇波量子A1私募证券投资基金,0.9844,0.9844,C:\Invest\净值存储\cmschina_SXT459-2024年01月30日-发送每日净值信息.xls
2024-01-31_SXT459,2024-01-31,SXT459,量宇波量子A1私募证券投资基金,0.9733,0.9733,C:\Invest\净值存储\cmschina_SXT459-2024年01月31日-发送每日净值信息.xls
2024-02-01_SXT459,2024-02-01,SXT459,量宇波量子A1私募证券投资基金,0.9689,0.9689,C:\Invest\净值存储\cmschina_SXT459-2024年02月01日-发送每日净值信息.xls
2024-02-02_SXT459,2024-02-02,SXT459,量宇波量子A1私募证券投资基金,0.9615,0.9615,C:\Invest\净值存储\cmschina_SXT459-2024年02月02日-发送每日净值信息.xls
2024-02-05_SXT459,2024-02-05,SXT459,量宇波量子A1私募证券投资基金,0.9343,0.9343,C:\Invest\净值存储\cmschina_SXT459-2024年02月05日-发送每日净值信息.xls
2024-01-31_SZC675,2024-01-31,SZC675,正定进取CTA3号私募证券投资基金,1.5623,1.9148,C:\Invest\净值存储\cmschina_SZC675正定进取CTA3号私募证券投资基金委托资产资产估值表20240131三级科目.xls
2024-02-02_SZC675,2024-02-02,SZC675,正定进取CTA3号私募证券投资基金,1.5763,1.9288,C:\Invest\净值存储\cmschina_SZC675正定进取CTA3号私募证券投资基金委托资产资产估值表20240202三级科目.xls
2024-01-29_SZQ493,2024-01-29,SZQ493,波克多策略1号私募证券投资基金,1.0432,1.0432,C:\Invest\净值存储\cmschina_SZQ493波克多策略1号私募证券投资基金委托资产资产估值表20240129.xls
2024-01-30_SZQ493,2024-01-30,SZQ493,波克多策略1号私募证券投资基金,1.0366,1.0366,C:\Invest\净值存储\cmschina_SZQ493波克多策略1号私募证券投资基金委托资产资产估值表20240130.xls
2024-01-31_SZQ493,2024-01-31,SZQ493,波克多策略1号私募证券投资基金,1.0262,1.0262,C:\Invest\净值存储\cmschina_SZQ493波克多策略1号私募证券投资基金委托资产资产估值表20240131.xls
2024-02-01_SZQ493,2024-02-01,SZQ493,波克多策略1号私募证券投资基金,1.0238,1.0238,C:\Invest\净值存储\cmschina_SZQ493波克多策略1号私募证券投资基金委托资产资产估值表20240201.xls
2024-01-29_SZQ535,2024-01-29,SZQ535,波克多策略2号私募证券投资基金,1.038,1.038,C:\Invest\净值存储\cmschina_SZQ535波克多策略2号私募证券投资基金委托资产资产估值表20240129.xls
2024-01-30_SZQ535,2024-01-30,SZQ535,波克多策略2号私募证券投资基金,1.0378,1.0378,C:\Invest\净值存储\cmschina_SZQ535波克多策略2号私募证券投资基金委托资产资产估值表20240130.xls
2024-01-31_SZQ535,2024-01-31,SZQ535,波克多策略2号私募证券投资基金,1.0347,1.0347,C:\Invest\净值存储\cmschina_SZQ535波克多策略2号私募证券投资基金委托资产资产估值表20240131.xls
2024-02-01_SZQ535,2024-02-01,SZQ535,波克多策略2号私募证券投资基金,1.0337,1.0337,C:\Invest\净值存储\cmschina_SZQ535波克多策略2号私募证券投资基金委托资产资产估值表20240201.xls
2024-01-29_SZR639,2024-01-29,SZR639,波克平衡多策略1号私募证券投资基金,1.0801,1.0804,C:\Invest\净值存储\cmschina_SZR639波克平衡多策略1号私募证券投资基金委托资产资产估值表20240129.xls
2024-01-30_SZR639,2024-01-30,SZR639,波克平衡多策略1号私募证券投资基金,1.0804,1.0808,C:\Invest\净值存储\cmschina_SZR639波克平衡多策略1号私募证券投资基金委托资产资产估值表20240130.xls
2024-01-31_SZR639,2024-01-31,SZR639,波克平衡多策略1号私募证券投资基金,1.0765,1.0768,C:\Invest\净值存储\cmschina_SZR639波克平衡多策略1号私募证券投资基金委托资产资产估值表20240131.xls
2024-02-01_SZR639,2024-02-01,SZR639,波克平衡多策略1号私募证券投资基金,1.074,1.0743,C:\Invest\净值存储\cmschina_SZR639波克平衡多策略1号私募证券投资基金委托资产资产估值表20240201.xls
2024-02-02_SZR639,2024-02-02,SZR639,波克平衡多策略1号私募证券投资基金,1.0757,1.076,C:\Invest\净值存储\cmschina_SZR639波克平衡多策略1号私募证券投资基金委托资产资产估值表20240202.xls
2024-01-29_SZR642,2024-01-29,SZR642,波克稳健多策略1号私募证券投资基金,1.0366,1.037,C:\Invest\净值存储\cmschina_SZR642波克稳健多策略1号私募证券投资基金委托资产资产估值表20240129.xls
2024-01-30_SZR642,2024-01-30,SZR642,波克稳健多策略1号私募证券投资基金,1.0359,1.0363,C:\Invest\净值存储\cmschina_SZR642波克稳健多策略1号私募证券投资基金委托资产资产估值表20240130.xls
2024-01-31_SZR642,2024-01-31,SZR642,波克稳健多策略1号私募证券投资基金,1.0339,1.0343,C:\Invest\净值存储\cmschina_SZR642波克稳健多策略1号私募证券投资基金委托资产资产估值表20240131.xls
2024-02-01_SZR642,2024-02-01,SZR642,波克稳健多策略1号私募证券投资基金,1.0335,1.0339,C:\Invest\净值存储\cmschina_SZR642波克稳健多策略1号私募证券投资基金委托资产资产估值表20240201.xls
2024-02-02_SZR642,2024-02-02,SZR642,波克稳健多策略1号私募证券投资基金,1.0373,1.0377,C:\Invest\净值存储\cmschina_SZR642波克稳健多策略1号私募证券投资基金委托资产资产估值表20240202.xls
2024-01-31_SZS158,2024-01-31,SZS158,鸣熙1000指数增强1号私募证券投资基金,0.8011,0.8068,C:\Invest\净值存储\cmschina_SZS158鸣熙1000指数增强1号私募证券投资基金委托资产资产估值表20240131三级科目.xls
2024-01-30_SZW306,2024-01-30,SZW306,超量子量化中性1号私募证券投资基金,1.0711,1.0711,C:\Invest\净值存储\cmschina_SZW306超量子量化中性1号私募证券投资基金委托资产资产估值表20240130三级科目.xls
2024-01-31_SZW306,2024-01-31,SZW306,超量子量化中性1号私募证券投资基金,1.0705,1.0705,C:\Invest\净值存储\cmschina_SZW306超量子量化中性1号私募证券投资基金委托资产资产估值表20240131三级科目.xls
2024-01-31_SZW449,2024-01-31,SZW449,乾象招盈量化对冲15号私募证券投资基金,1.0594,1.0794,C:\Invest\净值存储\cmschina_SZW449乾象招盈量化对冲15号私募证券投资基金委托资产资产估值表20240131三级科目.xls
2024-02-02_SZY015,2024-02-02,SZY015,锦徽中证500指数增强1号私募证券投资基金,0.8074,0.816,C:\Invest\净值存储\cmschina_SZY015锦徽中证500指数增强1号私募证券投资基金委托资产资产估值表20240202三级科目.xls
2024-01-29_SZW306,2024-01-29,SZW306,超量子量化中性1号私募证券投资基金,1.0714,1.0714,C:\Invest\净值存储\cmschina_丑乙壬戌庚午申戌集合计划每日净值表.xls
2024-02-01_SZW306,2024-02-01,SZW306,超量子量化中性1号私募证券投资基金,1.0697,1.0697,C:\Invest\净值存储\cmschina_庚甲戊未己辛卯午集合计划每日净值表.xls
2024-02-02_SZW306,2024-02-02,SZW306,超量子量化中性1号私募证券投资基金,1.0693,1.0693,C:\Invest\净值存储\cmschina_申戊午巳壬午戊壬集合计划每日净值表.xls
2024-01-29_SR1667,2024-01-29,SR1667,天算量化对冲9号私募证券投资基金,1.0109,1.351,C:\Invest\净值存储\csc_资产净值公告_SR1667天算量化对冲9号私募证券投资基金_20240129.xls
2024-01-30_SR1667,2024-01-30,SR1667,天算量化对冲9号私募证券投资基金,1.0107,1.3508,C:\Invest\净值存储\csc_资产净值公告_SR1667天算量化对冲9号私募证券投资基金_20240130.xls
2024-01-31_SR1667,2024-01-31,SR1667,天算量化对冲9号私募证券投资基金,1.0065,1.3466,C:\Invest\净值存储\csc_资产净值公告_SR1667天算量化对冲9号私募证券投资基金_20240131.xls
2024-02-01_SR1667,2024-02-01,SR1667,天算量化对冲9号私募证券投资基金,1.0013,1.3414,C:\Invest\净值存储\csc_资产净值公告_SR1667天算量化对冲9号私募证券投资基金_20240201.xls
2024-02-02_SR1667,2024-02-02,SR1667,天算量化对冲9号私募证券投资基金,1.0038,1.3439,C:\Invest\净值存储\csc_资产净值公告_SR1667天算量化对冲9号私募证券投资基金_20240202.xls
2024-02-05_SR1667,2024-02-05,SR1667,天算量化对冲9号私募证券投资基金,0.9965,1.3366,C:\Invest\净值存储\csc_资产净值公告_SR1667天算量化对冲9号私募证券投资基金_20240205.xls
2024-02-02_S3ZS26,2024-02-02,S3ZS26,安贤花木长盛私募证券投资基金A类_安贤花木B,1.336,1.4216,C:\Invest\净值存储\ebscn_S3ZS26_安贤花木B_分级B_2024-02-02_净值表.xls
2024-02-02_SB6096,2024-02-02,SB6096,华软新动力精选对冲12号私募证券投资基金,1.1303,1.1303,C:\Invest\净值存储\ebscn_SB6096_华软新动力精选对冲12号私募证券投资基金_2024-02-02_净值表.xls
2024-02-02_SVE953,2024-02-02,SVE953,华软新动力精选指数增强7号私募证券投资基金,0.879,0.879,C:\Invest\净值存储\ebscn_SVE953_华软新动力精选指数增强7号私募证券投资基金_2024-02-02_净值表.xls
2024-02-02_SVH526,2024-02-02,SVH526,华软新动力精选指数增强8号私募证券投资基金,1.075,1.075,C:\Invest\净值存储\ebscn_SVH526_华软新动力精选指数增强8号私募证券投资基金_2024-02-02_净值表.xls
2024-01-29_SVK123,2024-01-29,SVK123,一马金品量化1号私募证券投资基金,0.868,0.868,C:\Invest\净值存储\ebscn_SVK123_一马金品量化1号私募证券投资基金_2024-01-29_净值表.xls
2024-01-30_SVK123,2024-01-30,SVK123,一马金品量化1号私募证券投资基金,0.8415,0.8415,C:\Invest\净值存储\ebscn_SVK123_一马金品量化1号私募证券投资基金_2024-01-30_净值表.xls
2024-01-31_SVK123,2024-01-31,SVK123,一马金品量化1号私募证券投资基金,0.7981,0.7981,C:\Invest\净值存储\ebscn_SVK123_一马金品量化1号私募证券投资基金_2024-01-31_净值表.xls
2024-02-01_SVK123,2024-02-01,SVK123,一马金品量化1号私募证券投资基金,0.7833,0.7833,C:\Invest\净值存储\ebscn_SVK123_一马金品量化1号私募证券投资基金_2024-02-01_净值表.xls
2024-02-02_SVK123,2024-02-02,SVK123,一马金品量化1号私募证券投资基金,0.7436,0.7436,C:\Invest\净值存储\ebscn_SVK123_一马金品量化1号私募证券投资基金_2024-02-02_净值表.xls
2024-02-05_SVK123,2024-02-05,SVK123,一马金品量化1号私募证券投资基金,0.6745,0.6745,C:\Invest\净值存储\ebscn_SVK123_一马金品量化1号私募证券投资基金_2024-02-05_净值表.xls
2024-01-29_SQZ004,2024-01-29,SQZ004,顺义成量化精选一号私募证券投资基金,1.206,1.206,C:\Invest\净值存储\gf_顺义成量化精选一号私募证券投资基金-波克锐进多策略1号私募证券投资基金-虚拟净值-2024-01-29.xlsx
2024-01-30_SQZ004,2024-01-30,SQZ004,顺义成量化精选一号私募证券投资基金,1.201,1.201,C:\Invest\净值存储\gf_顺义成量化精选一号私募证券投资基金-波克锐进多策略1号私募证券投资基金-虚拟净值-2024-01-30.xlsx
2024-01-31_SQZ004,2024-01-31,SQZ004,顺义成量化精选一号私募证券投资基金,1.196,1.196,C:\Invest\净值存储\gf_顺义成量化精选一号私募证券投资基金-波克锐进多策略1号私募证券投资基金-虚拟净值-2024-01-31.xlsx
2024-02-01_SQZ004,2024-02-01,SQZ004,顺义成量化精选一号私募证券投资基金,1.185,1.185,C:\Invest\净值存储\gf_顺义成量化精选一号私募证券投资基金-波克锐进多策略1号私募证券投资基金-虚拟净值-2024-02-01.xlsx
2024-02-02_SQZ004,2024-02-02,SQZ004,顺义成量化精选一号私募证券投资基金,1.164,1.164,C:\Invest\净值存储\gf_顺义成量化精选一号私募证券投资基金-波克锐进多策略1号私募证券投资基金-虚拟净值-2024-02-02.xlsx
2024-02-05_SQZ004,2024-02-05,SQZ004,顺义成量化精选一号私募证券投资基金,1.155,1.155,C:\Invest\净值存储\gf_顺义成量化精选一号私募证券投资基金-波克锐进多策略1号私募证券投资基金-虚拟净值-2024-02-05.xlsx
2024-01-29_JK771B,2024-01-29,JK771B,垒昂金鹿量化对冲3号私募证券投资基金B类,1.5186,1.5186,C:\Invest\净值存储\gjdf_JK771B_垒昂金鹿量化对冲3号私募证券投资基金B类_波克平衡多策略1号私募证券投资基金_2024-01-29.xls
2024-01-30_JK771B,2024-01-30,JK771B,垒昂金鹿量化对冲3号私募证券投资基金B类,1.5207,1.5207,C:\Invest\净值存储\gjdf_JK771B_垒昂金鹿量化对冲3号私募证券投资基金B类_波克平衡多策略1号私募证券投资基金_2024-01-30.xls
2024-01-31_JK771B,2024-01-31,JK771B,垒昂金鹿量化对冲3号私募证券投资基金B类,1.5038,1.5038,C:\Invest\净值存储\gjdf_JK771B_垒昂金鹿量化对冲3号私募证券投资基金B类_波克平衡多策略1号私募证券投资基金_2024-01-31.xls
2024-02-01_JK771B,2024-02-01,JK771B,垒昂金鹿量化对冲3号私募证券投资基金B类,1.5005,1.5005,C:\Invest\净值存储\gjdf_JK771B_垒昂金鹿量化对冲3号私募证券投资基金B类_波克平衡多策略1号私募证券投资基金_2024-02-01.xls
2024-02-02_JK771B,2024-02-02,JK771B,垒昂金鹿量化对冲3号私募证券投资基金B类,1.496,1.496,C:\Invest\净值存储\gjdf_JK771B_垒昂金鹿量化对冲3号私募证券投资基金B类_波克平衡多策略1号私募证券投资基金_2024-02-02.xls
2024-02-05_JK771B,2024-02-05,JK771B,垒昂金鹿量化对冲3号私募证券投资基金B类,1.4589,1.4589,C:\Invest\净值存储\gjdf_JK771B_垒昂金鹿量化对冲3号私募证券投资基金B类_波克平衡多策略1号私募证券投资基金_2024-02-05.xls
2024-01-29_TN967B,2024-01-29,TN967B,特夫郁金香量化混合1号私募证券投资基金B类,1.0326,1.1425,C:\Invest\净值存储\gjdf_TN967B_特夫郁金香量化混合1号私募证券投资基金B类_赛韵网络科技（上海）有限公司_2024-01-29.xls
2024-01-30_TN967B,2024-01-30,TN967B,特夫郁金香量化混合1号私募证券投资基金B类,1.0278,1.1377,C:\Invest\净值存储\gjdf_TN967B_特夫郁金香量化混合1号私募证券投资基金B类_赛韵网络科技（上海）有限公司_2024-01-30.xls
2024-01-31_TN967B,2024-01-31,TN967B,特夫郁金香量化混合1号私募证券投资基金B类,1.0266,1.1365,C:\Invest\净值存储\gjdf_TN967B_特夫郁金香量化混合1号私募证券投资基金B类_赛韵网络科技（上海）有限公司_2024-01-31.xls
2024-01-29_TR261B,2024-01-29,TR261B,垒昂金鹿中证500指数增强6号私募证券投资基金B类,1.27,1.27,C:\Invest\净值存储\gjdf_TR261B_垒昂金鹿中证500指数增强6号私募证券投资基金B类_波克锐进多策略1号私募证券投资基金_2024-01-29.xls
2024-01-30_TR261B,2024-01-30,TR261B,垒昂金鹿中证500指数增强6号私募证券投资基金B类,1.23,1.23,C:\Invest\净值存储\gjdf_TR261B_垒昂金鹿中证500指数增强6号私募证券投资基金B类_波克锐进多策略1号私募证券投资基金_2024-01-30.xls
2024-01-31_TR261B,2024-01-31,TR261B,垒昂金鹿中证500指数增强6号私募证券投资基金B类,1.167,1.167,C:\Invest\净值存储\gjdf_TR261B_垒昂金鹿中证500指数增强6号私募证券投资基金B类_波克锐进多策略1号私募证券投资基金_2024-01-31.xls
2024-02-01_TR261B,2024-02-01,TR261B,垒昂金鹿中证500指数增强6号私募证券投资基金B类,1.158,1.158,C:\Invest\净值存储\gjdf_TR261B_垒昂金鹿中证500指数增强6号私募证券投资基金B类_波克锐进多策略1号私募证券投资基金_2024-02-01.xls
2024-02-02_TR261B,2024-02-02,TR261B,垒昂金鹿中证500指数增强6号私募证券投资基金B类,1.099,1.099,C:\Invest\净值存储\gjdf_TR261B_垒昂金鹿中证500指数增强6号私募证券投资基金B类_波克锐进多策略1号私募证券投资基金_2024-02-02.xls
2024-02-05_TR261B,2024-02-05,TR261B,垒昂金鹿中证500指数增强6号私募证券投资基金B类,1.049,1.049,C:\Invest\净值存储\gjdf_TR261B_垒昂金鹿中证500指数增强6号私募证券投资基金B类_波克锐进多策略1号私募证券投资基金_2024-02-05.xls
2024-02-02_B6790B,2024-02-02,B6790B,华软新动力精选对冲13号私募证券投资基金B,1.1468,1.1468,C:\Invest\净值存储\guosen_SB6790华软新动力精选对冲13号私募证券投资基金净值20240202【国信托管】.xlsx
2024-01-31_VA938B,2024-01-31,VA938B,靖奇基石15号私募证券投资基金B,0.7626,0.7626,C:\Invest\净值存储\guosen_SVA938靖奇基石15号私募证券投资基金净值20240131【国信托管】.xlsx
2024-02-02_VA938B,2024-02-02,VA938B,靖奇基石15号私募证券投资基金B,0.7306,0.7306,C:\Invest\净值存储\guosen_SVA938靖奇基石15号私募证券投资基金净值20240202【国信托管】.xlsx
2024-01-29_SVP768,2024-01-29,SVP768,千衍三涛3号私募证券投资基金,1.0766,1.1666,C:\Invest\净值存储\guosen_SVP768千衍三涛3号私募证券投资基金净值20240129【国信托管】.xlsx
2024-01-30_SVP768,2024-01-30,SVP768,千衍三涛3号私募证券投资基金,1.0744,1.1644,C:\Invest\净值存储\guosen_SVP768千衍三涛3号私募证券投资基金净值20240130【国信托管】.xlsx
2024-01-31_SVP768,2024-01-31,SVP768,千衍三涛3号私募证券投资基金,1.067,1.1569,C:\Invest\净值存储\guosen_SVP768千衍三涛3号私募证券投资基金净值20240131【国信托管】.xlsx
2024-02-01_SVP768,2024-02-01,SVP768,千衍三涛3号私募证券投资基金,1.0661,1.1561,C:\Invest\净值存储\guosen_SVP768千衍三涛3号私募证券投资基金净值20240201【国信托管】.xlsx
2024-02-02_SVP768,2024-02-02,SVP768,千衍三涛3号私募证券投资基金,1.0734,1.1634,C:\Invest\净值存储\guosen_SVP768千衍三涛3号私募证券投资基金净值20240202【国信托管】.xlsx
2024-02-05_SVP768,2024-02-05,SVP768,千衍三涛3号私募证券投资基金,1.053,1.143,C:\Invest\净值存储\guosen_SVP768千衍三涛3号私募证券投资基金净值20240205【国信托管】.xlsx
2024-02-02_SVQ397,2024-02-02,SVQ397,华钧隆朔2期私募证券投资基金,0.94,0.94,C:\Invest\净值存储\guosen_SVQ397华钧隆朔2期私募证券投资基金净值20240202【国信托管】.xlsx
2024-01-29_GQ403B,2024-01-29,GQ403B,世纪前沿量化对冲7号私募证券投资基金B,1.277,1.37,C:\Invest\净值存储\guosen_世纪前沿量化对冲7号私募证券投资基金2024-01-29虚拟计提业绩报酬后单位净值.xlsx
2024-01-30_GQ403B,2024-01-30,GQ403B,世纪前沿量化对冲7号私募证券投资基金B,1.275,1.368,C:\Invest\净值存储\guosen_世纪前沿量化对冲7号私募证券投资基金2024-01-30虚拟计提业绩报酬后单位净值.xlsx
2024-01-31_GQ403B,2024-01-31,GQ403B,世纪前沿量化对冲7号私募证券投资基金B,1.265,1.358,C:\Invest\净值存储\guosen_世纪前沿量化对冲7号私募证券投资基金2024-01-31虚拟计提业绩报酬后单位净值.xlsx
2024-02-01_GQ403B,2024-02-01,GQ403B,世纪前沿量化对冲7号私募证券投资基金B,1.261,1.354,C:\Invest\净值存储\guosen_世纪前沿量化对冲7号私募证券投资基金2024-02-01虚拟计提业绩报酬后单位净值.xlsx
2024-02-02_GQ403B,2024-02-02,GQ403B,世纪前沿量化对冲7号私募证券投资基金B,1.266,1.36,C:\Invest\净值存储\guosen_世纪前沿量化对冲7号私募证券投资基金2024-02-02虚拟计提业绩报酬后单位净值.xlsx
2024-02-05_GQ403B,2024-02-05,GQ403B,世纪前沿量化对冲7号私募证券投资基金B,1.226,1.319,C:\Invest\净值存储\guosen_世纪前沿量化对冲7号私募证券投资基金2024-02-05虚拟计提业绩报酬后单位净值.xlsx
2024-01-31_SACQ29,2024-01-31,SACQ29,睿量光子1号1期私募证券投资基金,0.7841,0.7841,C:\Invest\净值存储\htsc_SACQ29_睿量光子1号1期私募证券投资基金_产品估值表_日报_20240131_二级.xls
2024-01-31_SB6425,2024-01-31,SB6425,杉树誉钧多策略1号量化私募证券投资基金,1.0758,1.0758,C:\Invest\净值存储\htsc_SB6425_杉树誉钧多策略1号量化私募证券投资基金_产品估值表_日报_20240131_三级.xls
2024-01-31_SLE103,2024-01-31,SLE103,衍复希格斯一号私募证券投资基金,1.2573,1.4373,C:\Invest\净值存储\htsc_SLE103_衍复希格斯一号私募证券投资基金_产品估值表_日报_20240131_三级.xls
2024-01-31_SQM132,2024-01-31,SQM132,展弘稳泰套利运作1号私募证券投资基金,1.2005,1.1715,C:\Invest\净值存储\htsc_SQM132_展弘稳泰套利运作1号私募证券投资基金_产品估值表_日报_20240131_三级.xls
2024-01-31_SQS592,2024-01-31,SQS592,展弘CTA运作1号私募证券投资基金,1.0865,1.0761,C:\Invest\净值存储\htsc_SQS592_展弘CTA运作1号私募证券投资基金_产品估值表_日报_20240131_三级.xls
2024-01-31_SQW386,2024-01-31,SQW386,展弘稳泰套利运作2号私募证券投资基金,1.2065,1.1828,C:\Invest\净值存储\htsc_SQW386_展弘稳泰套利运作2号私募证券投资基金_产品估值表_日报_20240131_三级.xls
2024-01-31_SQX487,2024-01-31,SQX487,展弘CTA运作2号私募证券投资基金,1.1321,1.1114,C:\Invest\净值存储\htsc_SQX487_展弘CTA运作2号私募证券投资基金_产品估值表_日报_20240131_三级.xls
2024-01-31_SQX501,2024-01-31,SQX501,展弘稳泰套利运作3号私募证券投资基金,1.1402,1.1205,C:\Invest\净值存储\htsc_SQX501_展弘稳泰套利运作3号私募证券投资基金_产品估值表_日报_20240131_三级.xls
2024-01-31_SSD589,2024-01-31,SSD589,展弘稳泰对冲运作2号私募证券投资基金,1.1652,1.1631,C:\Invest\净值存储\htsc_SSD589_展弘稳泰对冲运作2号私募证券投资基金_产品估值表_日报_20240131_三级.xls
2024-01-31_SSD600,2024-01-31,SSD600,展弘稳泰对冲运作3号私募证券投资基金,1.1652,1.1629,C:\Invest\净值存储\htsc_SSD600_展弘稳泰对冲运作3号私募证券投资基金_产品估值表_日报_20240131_三级.xls
2024-01-31_SSE401,2024-01-31,SSE401,展弘多策略11号私募证券投资基金,0.9917,1.1412,C:\Invest\净值存储\htsc_SSE401_展弘多策略11号私募证券投资基金_产品估值表_日报_20240131_三级.xls
2024-01-31_SSS488,2024-01-31,SSS488,展弘稳泰对冲运作10号私募证券投资基金,1.2325,1.2325,C:\Invest\净值存储\htsc_SSS488_展弘稳泰对冲运作10号私募证券投资基金_产品估值表_日报_20240131_三级.xls
2024-01-31_SSU514,2024-01-31,SSU514,展弘CTA运作6号私募证券投资基金,0.9096,0.9096,C:\Invest\净值存储\htsc_SSU514_展弘CTA运作6号私募证券投资基金_产品估值表_日报_20240131_三级.xls
2024-01-31_SSX171,2024-01-31,SSX171,展弘CTA运作8号私募证券投资基金,1.154,1.154,C:\Invest\净值存储\htsc_SSX171_展弘CTA运作8号私募证券投资基金_产品估值表_日报_20240131_三级.xls
2024-01-31_SVQ762,2024-01-31,SVQ762,跃威屹鑫一号私募证券投资基金,1.0029,1.0763,C:\Invest\净值存储\htsc_SVQ762_跃威屹鑫一号私募证券投资基金_产品估值表_日报_20240131_三级.xls
2024-01-31_SXA680,2024-01-31,SXA680,信弘中证1000指数增强1号私募证券投资基金,0.9573,0.9573,C:\Invest\净值存储\htsc_SXA680_信弘中证1000指数增强1号私募证券投资基金_产品估值表_日报_20240131_三级.xls
2024-01-31_SXJ593,2024-01-31,SXJ593,翔云50量化3号私募证券投资基金,1.0432,1.0432,C:\Invest\净值存储\htsc_SXJ593_翔云50量化3号私募证券投资基金_产品估值表_日报_20240131_三级.xls
2024-01-31_SXY371,2024-01-31,SXY371,千衍三涛9号私募证券投资基金,1.0596,1.0596,C:\Invest\净值存储\htsc_SXY371_千衍三涛9号私募证券投资基金_产品估值表_日报_20240131_三级.xls
2024-01-31_SXZ439,2024-01-31,SXZ439,磐松中证500指数增强1号私募证券投资基金,0.9268,0.9268,C:\Invest\净值存储\htsc_SXZ439_磐松中证500指数增强1号私募证券投资基金_产品估值表_日报_20240131_三级.xls
2024-01-31_SZA093,2024-01-31,SZA093,睿量光子1号私募证券投资基金,1.0059,1.0074,C:\Invest\净值存储\htsc_SZA093_睿量光子1号私募证券投资基金_产品估值表_日报_20240131_二级.xls
2024-01-31_SZQ723,2024-01-31,SZQ723,锦徽中性1号私募证券投资基金,1.0543,1.0543,C:\Invest\净值存储\htsc_SZQ723_锦徽中性1号私募证券投资基金_产品估值表_日报_20240131_三级.xls
2024-01-31_SZY326,2024-01-31,SZY326,牧鑫明鑫对冲1号私募证券投资基金,1.1725,1.1677,C:\Invest\净值存储\htsc_SZY326_牧鑫明鑫对冲1号_产品估值表_日报_20240131_三级.xls
2024-01-29_SXQ300,2024-01-29,SXQ300,云程中性2号私募证券投资基金,1.0587,1.0587,C:\Invest\净值存储\htsc_云程中性2号私募证券投资基金_SXQ300_基金每日净值表_2024-01-29.xls
2024-01-30_SXQ300,2024-01-30,SXQ300,云程中性2号私募证券投资基金,1.0611,1.0611,C:\Invest\净值存储\htsc_云程中性2号私募证券投资基金_SXQ300_基金每日净值表_2024-01-30.xls
2024-01-31_SXQ300,2024-01-31,SXQ300,云程中性2号私募证券投资基金,1.0592,1.0592,C:\Invest\净值存储\htsc_云程中性2号私募证券投资基金_SXQ300_基金每日净值表_2024-01-31.xls
2024-02-01_SXQ300,2024-02-01,SXQ300,云程中性2号私募证券投资基金,1.0589,1.0589,C:\Invest\净值存储\htsc_云程中性2号私募证券投资基金_SXQ300_基金每日净值表_2024-02-01.xls
2024-02-02_SXQ300,2024-02-02,SXQ300,云程中性2号私募证券投资基金,1.0694,1.0694,C:\Invest\净值存储\htsc_云程中性2号私募证券投资基金_SXQ300_基金每日净值表_2024-02-02.xls
2024-02-05_SXQ300,2024-02-05,SXQ300,云程中性2号私募证券投资基金,1.0621,1.0621,C:\Invest\净值存储\htsc_云程中性2号私募证券投资基金_SXQ300_基金每日净值表_2024-02-05.xls
2024-01-29_QX020B,2024-01-29,QX020B,千衍九思9号私募证券投资基金B类,1.2859,1.2859,C:\Invest\净值存储\htsc_千衍九思9号私募证券投资基金B类_QX020B_基金每日净值表_2024-01-29.xls
2024-01-30_QX020B,2024-01-30,QX020B,千衍九思9号私募证券投资基金B类,1.2792,1.2792,C:\Invest\净值存储\htsc_千衍九思9号私募证券投资基金B类_QX020B_基金每日净值表_2024-01-30.xls
2024-01-31_QX020B,2024-01-31,QX020B,千衍九思9号私募证券投资基金B类,1.2432,1.2432,C:\Invest\净值存储\htsc_千衍九思9号私募证券投资基金B类_QX020B_基金每日净值表_2024-01-31.xls
2024-02-01_QX020B,2024-02-01,QX020B,千衍九思9号私募证券投资基金B类,1.2377,1.2377,C:\Invest\净值存储\htsc_千衍九思9号私募证券投资基金B类_QX020B_基金每日净值表_2024-02-01.xls
2024-02-02_QX020B,2024-02-02,QX020B,千衍九思9号私募证券投资基金B类,1.2701,1.2701,C:\Invest\净值存储\htsc_千衍九思9号私募证券投资基金B类_QX020B_基金每日净值表_2024-02-02.xls
2024-01-29_SB6425,2024-01-29,SB6425,杉树誉钧多策略1号量化私募证券投资基金,1.0878,1.0878,C:\Invest\净值存储\htsc_杉树誉钧多策略1号量化私募证券投资基金_SB6425_基金每日净值表_2024-01-29.xls
2024-01-30_SB6425,2024-01-30,SB6425,杉树誉钧多策略1号量化私募证券投资基金,1.0842,1.0842,C:\Invest\净值存储\htsc_杉树誉钧多策略1号量化私募证券投资基金_SB6425_基金每日净值表_2024-01-30.xls
2024-02-01_SB6425,2024-02-01,SB6425,杉树誉钧多策略1号量化私募证券投资基金,1.0697,1.0697,C:\Invest\净值存储\htsc_杉树誉钧多策略1号量化私募证券投资基金_SB6425_基金每日净值表_2024-02-01.xls
2024-02-02_SB6425,2024-02-02,SB6425,杉树誉钧多策略1号量化私募证券投资基金,1.0745,1.0745,C:\Invest\净值存储\htsc_杉树誉钧多策略1号量化私募证券投资基金_SB6425_基金每日净值表_2024-02-02.xls
2024-02-05_SB6425,2024-02-05,SB6425,杉树誉钧多策略1号量化私募证券投资基金,1.0684,1.0684,C:\Invest\净值存储\htsc_杉树誉钧多策略1号量化私募证券投资基金_SB6425_基金每日净值表_2024-02-05.xls
2024-01-29_ZY326D,2024-01-29,ZY326D,牧鑫明鑫对冲1号私募证券投资基金D类,1.1787,1.1787,C:\Invest\净值存储\htsc_牧鑫明鑫对冲1号私募证券投资基金D类_ZY326D_基金每日净值表_2024-01-29.xls
2024-01-30_ZY326D,2024-01-30,ZY326D,牧鑫明鑫对冲1号私募证券投资基金D类,1.1762,1.1762,C:\Invest\净值存储\htsc_牧鑫明鑫对冲1号私募证券投资基金D类_ZY326D_基金每日净值表_2024-01-30.xls
2024-01-31_ZY326D,2024-01-31,ZY326D,牧鑫明鑫对冲1号私募证券投资基金D类,1.1677,1.1677,C:\Invest\净值存储\htsc_牧鑫明鑫对冲1号私募证券投资基金D类_ZY326D_基金每日净值表_2024-01-31.xls
2024-02-01_ZY326D,2024-02-01,ZY326D,牧鑫明鑫对冲1号私募证券投资基金D类,1.1674,1.1674,C:\Invest\净值存储\htsc_牧鑫明鑫对冲1号私募证券投资基金D类_ZY326D_基金每日净值表_2024-02-01.xls
2024-02-02_ZY326D,2024-02-02,ZY326D,牧鑫明鑫对冲1号私募证券投资基金D类,1.1718,1.1718,C:\Invest\净值存储\htsc_牧鑫明鑫对冲1号私募证券投资基金D类_ZY326D_基金每日净值表_2024-02-02.xls
2024-02-05_ZY326D,2024-02-05,ZY326D,牧鑫明鑫对冲1号私募证券投资基金D类,1.1473,1.1473,C:\Invest\净值存储\htsc_牧鑫明鑫对冲1号私募证券投资基金D类_ZY326D_基金每日净值表_2024-02-05.xls
2024-01-29_SLE103,2024-01-29,SLE103,衍复希格斯一号私募证券投资基金,1.329,1.509,C:\Invest\净值存储\htsc_虚拟业绩报酬_波克多策略1号私募证券投资基金_SLE103_衍复希格斯一号私募证券投资基金_2024-01-29.xls
2024-01-30_SLE103,2024-01-30,SLE103,衍复希格斯一号私募证券投资基金,1.2977,1.4777,C:\Invest\净值存储\htsc_虚拟业绩报酬_波克多策略1号私募证券投资基金_SLE103_衍复希格斯一号私募证券投资基金_2024-01-30.xls
2024-02-01_SLE103,2024-02-01,SLE103,衍复希格斯一号私募证券投资基金,1.2509,1.4309,C:\Invest\净值存储\htsc_虚拟业绩报酬_波克多策略1号私募证券投资基金_SLE103_衍复希格斯一号私募证券投资基金_2024-02-01.xls
2024-02-02_SLE103,2024-02-02,SLE103,衍复希格斯一号私募证券投资基金,1.2166,1.3966,C:\Invest\净值存储\htsc_虚拟业绩报酬_波克多策略1号私募证券投资基金_SLE103_衍复希格斯一号私募证券投资基金_2024-02-02.xls
2024-02-05_SLE103,2024-02-05,SLE103,衍复希格斯一号私募证券投资基金,1.1665,1.3465,C:\Invest\净值存储\htsc_虚拟业绩报酬_波克多策略1号私募证券投资基金_SLE103_衍复希格斯一号私募证券投资基金_2024-02-05.xls
2024-01-29_ZA093A,2024-01-29,ZA093A,睿量光子1号私募证券投资基金A类,1.124,1.124,C:\Invest\净值存储\htsc_虚拟业绩报酬_波克多策略1号私募证券投资基金_ZA093A_睿量光子1号私募证券投资基金A类_2024-01-29.xls
2024-01-30_ZA093A,2024-01-30,ZA093A,睿量光子1号私募证券投资基金A类,1.0807,1.0807,C:\Invest\净值存储\htsc_虚拟业绩报酬_波克多策略1号私募证券投资基金_ZA093A_睿量光子1号私募证券投资基金A类_2024-01-30.xls
2024-01-31_ZA093A,2024-01-31,ZA093A,睿量光子1号私募证券投资基金A类,1.0055,1.0055,C:\Invest\净值存储\htsc_虚拟业绩报酬_波克多策略1号私募证券投资基金_ZA093A_睿量光子1号私募证券投资基金A类_2024-01-31.xls
2024-02-01_ZA093A,2024-02-01,ZA093A,睿量光子1号私募证券投资基金A类,0.986,0.986,C:\Invest\净值存储\htsc_虚拟业绩报酬_波克多策略1号私募证券投资基金_ZA093A_睿量光子1号私募证券投资基金A类_2024-02-01.xls
2024-02-02_ZA093A,2024-02-02,ZA093A,睿量光子1号私募证券投资基金A类,0.9296,0.9296,C:\Invest\净值存储\htsc_虚拟业绩报酬_波克多策略1号私募证券投资基金_ZA093A_睿量光子1号私募证券投资基金A类_2024-02-02.xls
2024-02-05_ZA093A,2024-02-05,ZA093A,睿量光子1号私募证券投资基金A类,0.8244,0.8244,C:\Invest\净值存储\htsc_虚拟业绩报酬_波克多策略1号私募证券投资基金_ZA093A_睿量光子1号私募证券投资基金A类_2024-02-05.xls
2024-01-29_SSE401,2024-01-29,SSE401,展弘多策略11号私募证券投资基金,0.9981,1.1476,C:\Invest\净值存储\htsc_虚拟业绩报酬_波克多策略2号私募证券投资基金_SSE401_展弘多策略11号私募证券投资基金_2024-01-29.xls
2024-01-30_SSE401,2024-01-30,SSE401,展弘多策略11号私募证券投资基金,0.996,1.1455,C:\Invest\净值存储\htsc_虚拟业绩报酬_波克多策略2号私募证券投资基金_SSE401_展弘多策略11号私募证券投资基金_2024-01-30.xls
2024-01-31_SVZ989,2024-01-31,SVZ989,倍漾优博一号C期量化私募证券投资基金,1.0001,1.2022,C:\Invest\净值存储\htsc_虚拟业绩报酬_波克平衡多策略1号私募证券投资基金_SVZ989_倍漾优博一号C期量化私募证券投资基金_2024-01-31.xls
2024-02-02_SVZ989,2024-02-02,SVZ989,倍漾优博一号C期量化私募证券投资基金,1.0024,1.2045,C:\Invest\净值存储\htsc_虚拟业绩报酬_波克平衡多策略1号私募证券投资基金_SVZ989_倍漾优博一号C期量化私募证券投资基金_2024-02-02.xls
2024-01-29_XY371B,2024-01-29,XY371B,千衍三涛9号私募证券投资基金B类,1.0687,1.0687,C:\Invest\净值存储\htsc_虚拟业绩报酬_波克平衡多策略1号私募证券投资基金_XY371B_千衍三涛9号私募证券投资基金B类_2024-01-29.xls
2024-01-30_XY371B,2024-01-30,XY371B,千衍三涛9号私募证券投资基金B类,1.0672,1.0672,C:\Invest\净值存储\htsc_虚拟业绩报酬_波克平衡多策略1号私募证券投资基金_XY371B_千衍三涛9号私募证券投资基金B类_2024-01-30.xls
2024-01-31_XY371B,2024-01-31,XY371B,千衍三涛9号私募证券投资基金B类,1.0596,1.0596,C:\Invest\净值存储\htsc_虚拟业绩报酬_波克平衡多策略1号私募证券投资基金_XY371B_千衍三涛9号私募证券投资基金B类_2024-01-31.xls
2024-02-01_XY371B,2024-02-01,XY371B,千衍三涛9号私募证券投资基金B类,1.0594,1.0594,C:\Invest\净值存储\htsc_虚拟业绩报酬_波克平衡多策略1号私募证券投资基金_XY371B_千衍三涛9号私募证券投资基金B类_2024-02-01.xls
2024-02-02_XY371B,2024-02-02,XY371B,千衍三涛9号私募证券投资基金B类,1.0675,1.0675,C:\Invest\净值存储\htsc_虚拟业绩报酬_波克平衡多策略1号私募证券投资基金_XY371B_千衍三涛9号私募证券投资基金B类_2024-02-02.xls
2024-02-05_XY371B,2024-02-05,XY371B,千衍三涛9号私募证券投资基金B类,1.0464,1.0464,C:\Invest\净值存储\htsc_虚拟业绩报酬_波克平衡多策略1号私募证券投资基金_XY371B_千衍三涛9号私募证券投资基金B类_2024-02-05.xls
2024-01-29_ZQ723A,2024-01-29,ZQ723A,锦徽中性1号私募证券投资基金A类,1.0787,1.0787,C:\Invest\净值存储\htsc_虚拟业绩报酬_波克平衡多策略1号私募证券投资基金_ZQ723A_锦徽中性1号私募证券投资基金A类_2024-01-29.xls
2024-01-30_ZQ723A,2024-01-30,ZQ723A,锦徽中性1号私募证券投资基金A类,1.0728,1.0728,C:\Invest\净值存储\htsc_虚拟业绩报酬_波克平衡多策略1号私募证券投资基金_ZQ723A_锦徽中性1号私募证券投资基金A类_2024-01-30.xls
2024-01-31_ZQ723A,2024-01-31,ZQ723A,锦徽中性1号私募证券投资基金A类,1.0543,1.0543,C:\Invest\净值存储\htsc_虚拟业绩报酬_波克平衡多策略1号私募证券投资基金_ZQ723A_锦徽中性1号私募证券投资基金A类_2024-01-31.xls
2024-02-01_ZQ723A,2024-02-01,ZQ723A,锦徽中性1号私募证券投资基金A类,1.0502,1.0502,C:\Invest\净值存储\htsc_虚拟业绩报酬_波克平衡多策略1号私募证券投资基金_ZQ723A_锦徽中性1号私募证券投资基金A类_2024-02-01.xls
2024-02-02_ZQ723A,2024-02-02,ZQ723A,锦徽中性1号私募证券投资基金A类,1.0514,1.0514,C:\Invest\净值存储\htsc_虚拟业绩报酬_波克平衡多策略1号私募证券投资基金_ZQ723A_锦徽中性1号私募证券投资基金A类_2024-02-02.xls
2024-02-05_ZQ723A,2024-02-05,ZQ723A,锦徽中性1号私募证券投资基金A类,1.0355,1.0355,C:\Invest\净值存储\htsc_虚拟业绩报酬_波克平衡多策略1号私募证券投资基金_ZQ723A_锦徽中性1号私募证券投资基金A类_2024-02-05.xls
2024-02-01_SSE401,2024-02-01,SSE401,展弘多策略11号私募证券投资基金,0.9896,1.1391,C:\Invest\净值存储\htsc_虚拟业绩报酬_波克稳健多策略1号私募证券投资基金_SSE401_展弘多策略11号私募证券投资基金_2024-02-01.xls
2024-02-02_SSE401,2024-02-02,SSE401,展弘多策略11号私募证券投资基金,0.9976,1.1471,C:\Invest\净值存储\htsc_虚拟业绩报酬_波克稳健多策略1号私募证券投资基金_SSE401_展弘多策略11号私募证券投资基金_2024-02-02.xls
2024-01-29_ACQ29A,2024-01-29,ACQ29A,睿量光子1号1期私募证券投资基金A类,0.8765,0.8765,C:\Invest\净值存储\htsc_虚拟业绩报酬_波克锐进多策略1号私募证券投资基金_ACQ29A_睿量光子1号1期私募证券投资基金A类_2024-01-29.xls
2024-01-30_ACQ29A,2024-01-30,ACQ29A,睿量光子1号1期私募证券投资基金A类,0.8426,0.8426,C:\Invest\净值存储\htsc_虚拟业绩报酬_波克锐进多策略1号私募证券投资基金_ACQ29A_睿量光子1号1期私募证券投资基金A类_2024-01-30.xls
2024-01-31_ACQ29A,2024-01-31,ACQ29A,睿量光子1号1期私募证券投资基金A类,0.7841,0.7841,C:\Invest\净值存储\htsc_虚拟业绩报酬_波克锐进多策略1号私募证券投资基金_ACQ29A_睿量光子1号1期私募证券投资基金A类_2024-01-31.xls
2024-02-01_ACQ29A,2024-02-01,ACQ29A,睿量光子1号1期私募证券投资基金A类,0.7689,0.7689,C:\Invest\净值存储\htsc_虚拟业绩报酬_波克锐进多策略1号私募证券投资基金_ACQ29A_睿量光子1号1期私募证券投资基金A类_2024-02-01.xls
2024-02-02_ACQ29A,2024-02-02,ACQ29A,睿量光子1号1期私募证券投资基金A类,0.7249,0.7249,C:\Invest\净值存储\htsc_虚拟业绩报酬_波克锐进多策略1号私募证券投资基金_ACQ29A_睿量光子1号1期私募证券投资基金A类_2024-02-02.xls
2024-01-29_SXA680,2024-01-29,SXA680,信弘中证1000指数增强1号私募证券投资基金,1.0305,1.0305,C:\Invest\净值存储\htsc_虚拟业绩报酬_波克锐进多策略1号私募证券投资基金_SXA680_信弘中证1000指数增强1号私募证券投资基金_2024-01-29.xls
2024-01-30_SXA680,2024-01-30,SXA680,信弘中证1000指数增强1号私募证券投资基金,1.0014,1.0014,C:\Invest\净值存储\htsc_虚拟业绩报酬_波克锐进多策略1号私募证券投资基金_SXA680_信弘中证1000指数增强1号私募证券投资基金_2024-01-30.xls
2024-02-01_SXA680,2024-02-01,SXA680,信弘中证1000指数增强1号私募证券投资基金,0.9476,0.9476,C:\Invest\净值存储\htsc_虚拟业绩报酬_波克锐进多策略1号私募证券投资基金_SXA680_信弘中证1000指数增强1号私募证券投资基金_2024-02-01.xls
2024-02-02_SXA680,2024-02-02,SXA680,信弘中证1000指数增强1号私募证券投资基金,0.9101,0.9101,C:\Invest\净值存储\htsc_虚拟业绩报酬_波克锐进多策略1号私募证券投资基金_SXA680_信弘中证1000指数增强1号私募证券投资基金_2024-02-02.xls
2024-02-05_SXA680,2024-02-05,SXA680,信弘中证1000指数增强1号私募证券投资基金,0.8486,0.8486,C:\Invest\净值存储\htsc_虚拟业绩报酬_波克锐进多策略1号私募证券投资基金_SXA680_信弘中证1000指数增强1号私募证券投资基金_2024-02-05.xls
2024-01-29_SXJ593,2024-01-29,SXJ593,翔云50量化3号私募证券投资基金,1.066,1.066,C:\Invest\净值存储\htsc_虚拟业绩报酬_波克锐进多策略1号私募证券投资基金_SXJ593_翔云50量化3号私募证券投资基金_2024-01-29.xls
2024-01-30_SXJ593,2024-01-30,SXJ593,翔云50量化3号私募证券投资基金,1.0533,1.0533,C:\Invest\净值存储\htsc_虚拟业绩报酬_波克锐进多策略1号私募证券投资基金_SXJ593_翔云50量化3号私募证券投资基金_2024-01-30.xls
2024-02-01_SXJ593,2024-02-01,SXJ593,翔云50量化3号私募证券投资基金,1.0442,1.0442,C:\Invest\净值存储\htsc_虚拟业绩报酬_波克锐进多策略1号私募证券投资基金_SXJ593_翔云50量化3号私募证券投资基金_2024-02-01.xls
2024-02-02_SXJ593,2024-02-02,SXJ593,翔云50量化3号私募证券投资基金,1.0267,1.0267,C:\Invest\净值存储\htsc_虚拟业绩报酬_波克锐进多策略1号私募证券投资基金_SXJ593_翔云50量化3号私募证券投资基金_2024-02-02.xls
2024-02-05_SXJ593,2024-02-05,SXJ593,翔云50量化3号私募证券投资基金,1.0234,1.0234,C:\Invest\净值存储\htsc_虚拟业绩报酬_波克锐进多策略1号私募证券投资基金_SXJ593_翔云50量化3号私募证券投资基金_2024-02-05.xls
2024-01-29_XZ461A,2024-01-29,XZ461A,倍漾中证1000指数增强1期A类,1.0853,1.0853,C:\Invest\净值存储\htsc_虚拟业绩报酬_波克锐进多策略1号私募证券投资基金_XZ461A_倍漾中证1000指数增强1期A类_2024-01-29.xls
2024-01-30_XZ461A,2024-01-30,XZ461A,倍漾中证1000指数增强1期A类,1.0533,1.0533,C:\Invest\净值存储\htsc_虚拟业绩报酬_波克锐进多策略1号私募证券投资基金_XZ461A_倍漾中证1000指数增强1期A类_2024-01-30.xls
2024-01-31_XZ461A,2024-01-31,XZ461A,倍漾中证1000指数增强1期A类,1.0076,1.0076,C:\Invest\净值存储\htsc_虚拟业绩报酬_波克锐进多策略1号私募证券投资基金_XZ461A_倍漾中证1000指数增强1期A类_2024-01-31.xls
2024-02-02_XZ461A,2024-02-02,XZ461A,倍漾中证1000指数增强1期A类,0.9558,0.9558,C:\Invest\净值存储\htsc_虚拟业绩报酬_波克锐进多策略1号私募证券投资基金_XZ461A_倍漾中证1000指数增强1期A类_2024-02-02.xls
2024-01-29_STJ727,2024-01-29,STJ727,量瀛湛卢对冲2号私募证券投资基金,0.9944,1.1226,C:\Invest\净值存储\htsc_虚拟业绩报酬_申万宏源QFII波力派科技_STJ727_量瀛湛卢对冲2号私募证券投资基金_2024-01-29.xls
2024-01-30_STJ727,2024-01-30,STJ727,量瀛湛卢对冲2号私募证券投资基金,0.9936,1.1218,C:\Invest\净值存储\htsc_虚拟业绩报酬_申万宏源QFII波力派科技_STJ727_量瀛湛卢对冲2号私募证券投资基金_2024-01-30.xls
2024-01-31_STJ727,2024-01-31,STJ727,量瀛湛卢对冲2号私募证券投资基金,0.9882,1.1164,C:\Invest\净值存储\htsc_虚拟业绩报酬_申万宏源QFII波力派科技_STJ727_量瀛湛卢对冲2号私募证券投资基金_2024-01-31.xls
2024-02-01_STJ727,2024-02-01,STJ727,量瀛湛卢对冲2号私募证券投资基金,0.9836,1.1118,C:\Invest\净值存储\htsc_虚拟业绩报酬_申万宏源QFII波力派科技_STJ727_量瀛湛卢对冲2号私募证券投资基金_2024-02-01.xls
2024-02-02_STJ727,2024-02-02,STJ727,量瀛湛卢对冲2号私募证券投资基金,0.9856,1.1138,C:\Invest\净值存储\htsc_虚拟业绩报酬_申万宏源QFII波力派科技_STJ727_量瀛湛卢对冲2号私募证券投资基金_2024-02-02.xls
2024-02-05_STJ727,2024-02-05,STJ727,量瀛湛卢对冲2号私募证券投资基金,0.9714,1.0996,C:\Invest\净值存储\htsc_虚拟业绩报酬_申万宏源QFII波力派科技_STJ727_量瀛湛卢对冲2号私募证券投资基金_2024-02-05.xls
2024-01-29_SABW91,2024-01-29,SABW91,乐水逸舟指数增强一号私募证券投资基金,0.9639,0.9639,C:\Invest\净值存储\tg.gtja_乐水逸舟指数增强一号私募证券投资基金【波克稳健多策略1号私募证券投资基金】TA虚拟净值_20240129.xlsx
2024-01-30_SABW91,2024-01-30,SABW91,乐水逸舟指数增强一号私募证券投资基金,0.9483,0.9483,C:\Invest\净值存储\tg.gtja_乐水逸舟指数增强一号私募证券投资基金【波克稳健多策略1号私募证券投资基金】TA虚拟净值_20240130.xlsx
2024-01-31_SABW91,2024-01-31,SABW91,乐水逸舟指数增强一号私募证券投资基金,0.9402,0.9402,C:\Invest\净值存储\tg.gtja_乐水逸舟指数增强一号私募证券投资基金【波克稳健多策略1号私募证券投资基金】TA虚拟净值_20240131.xlsx
2024-02-01_SABW91,2024-02-01,SABW91,乐水逸舟指数增强一号私募证券投资基金,0.9408,0.9408,C:\Invest\净值存储\tg.gtja_乐水逸舟指数增强一号私募证券投资基金【波克稳健多策略1号私募证券投资基金】TA虚拟净值_20240201.xlsx
2024-02-02_SABW91,2024-02-02,SABW91,乐水逸舟指数增强一号私募证券投资基金,0.9296,0.9296,C:\Invest\净值存储\tg.gtja_乐水逸舟指数增强一号私募证券投资基金【波克稳健多策略1号私募证券投资基金】TA虚拟净值_20240202.xlsx
2024-02-05_SABW91,2024-02-05,SABW91,乐水逸舟指数增强一号私募证券投资基金,0.9353,0.9353,C:\Invest\净值存储\tg.gtja_乐水逸舟指数增强一号私募证券投资基金【波克稳健多策略1号私募证券投资基金】TA虚拟净值_20240205.xlsx
2024-01-29_SZD652,2024-01-29,SZD652,云起量化金选12号私募证券投资基金,0.8687,0.8687,C:\Invest\净值存储\tg.gtja_云起量化金选12号私募证券投资基金【波克锐进多策略1号私募证券投资基金】TA虚拟净值_20240129.xlsx
2024-01-30_SZD652,2024-01-30,SZD652,云起量化金选12号私募证券投资基金,0.8413,0.8413,C:\Invest\净值存储\tg.gtja_云起量化金选12号私募证券投资基金【波克锐进多策略1号私募证券投资基金】TA虚拟净值_20240130.xlsx
2024-02-02_SZD652,2024-02-02,SZD652,云起量化金选12号私募证券投资基金,0.7452,0.7452,C:\Invest\净值存储\tg.gtja_云起量化金选12号私募证券投资基金【波克锐进多策略1号私募证券投资基金】TA虚拟净值_20240202.xlsx
2024-01-29_SVJ322,2024-01-29,SVJ322,亘曦尊享10号私募证券投资基金,0.7789,0.7789,C:\Invest\净值存储\tg.gtja_亘曦尊享10号私募证券投资基金【轩克科技(上海)有限公司】TA虚拟净值_20240129.xlsx
2024-01-30_SVJ322,2024-01-30,SVJ322,亘曦尊享10号私募证券投资基金,0.7594,0.7594,C:\Invest\净值存储\tg.gtja_亘曦尊享10号私募证券投资基金【轩克科技(上海)有限公司】TA虚拟净值_20240130.xlsx
2024-01-31_SVJ322,2024-01-31,SVJ322,亘曦尊享10号私募证券投资基金,0.7325,0.7325,C:\Invest\净值存储\tg.gtja_亘曦尊享10号私募证券投资基金【轩克科技(上海)有限公司】TA虚拟净值_20240131.xlsx
2024-02-01_SVJ322,2024-02-01,SVJ322,亘曦尊享10号私募证券投资基金,0.7304,0.7304,C:\Invest\净值存储\tg.gtja_亘曦尊享10号私募证券投资基金【轩克科技(上海)有限公司】TA虚拟净值_20240201.xlsx
2024-02-02_SVJ322,2024-02-02,SVJ322,亘曦尊享10号私募证券投资基金,0.7197,0.7197,C:\Invest\净值存储\tg.gtja_亘曦尊享10号私募证券投资基金【轩克科技(上海)有限公司】TA虚拟净值_20240202.xlsx
2024-02-05_SVJ322,2024-02-05,SVJ322,亘曦尊享10号私募证券投资基金,0.7169,0.7169,C:\Invest\净值存储\tg.gtja_亘曦尊享10号私募证券投资基金【轩克科技(上海)有限公司】TA虚拟净值_20240205.xlsx
2024-01-29_STF307,2024-01-29,STF307,众壹资产量合私募证券投资基金A,0.984,0.984,C:\Invest\净值存储\tg.gtja_众壹资产量合私募证券投资基金A【波克锐进多策略1号私募证券投资基金】TA虚拟净值_20240129.xlsx
2024-01-30_STF307,2024-01-30,STF307,众壹资产量合私募证券投资基金A,0.982,0.982,C:\Invest\净值存储\tg.gtja_众壹资产量合私募证券投资基金A【波克锐进多策略1号私募证券投资基金】TA虚拟净值_20240130.xlsx
2024-01-31_STF307,2024-01-31,STF307,众壹资产量合私募证券投资基金A,0.981,0.981,C:\Invest\净值存储\tg.gtja_众壹资产量合私募证券投资基金A【波克锐进多策略1号私募证券投资基金】TA虚拟净值_20240131.xlsx
2024-02-01_STF307,2024-02-01,STF307,众壹资产量合私募证券投资基金A,0.98,0.98,C:\Invest\净值存储\tg.gtja_众壹资产量合私募证券投资基金A【波克锐进多策略1号私募证券投资基金】TA虚拟净值_20240201.xlsx
2024-02-02_STF307,2024-02-02,STF307,众壹资产量合私募证券投资基金A,0.981,0.981,C:\Invest\净值存储\tg.gtja_众壹资产量合私募证券投资基金A【波克锐进多策略1号私募证券投资基金】TA虚拟净值_20240202.xlsx
2024-02-05_STF307,2024-02-05,STF307,众壹资产量合私募证券投资基金A,0.985,0.985,C:\Invest\净值存储\tg.gtja_众壹资产量合私募证券投资基金A【波克锐进多策略1号私募证券投资基金】TA虚拟净值_20240205.xlsx
2024-01-29_STQ063,2024-01-29,STQ063,同温层量化阿尔法6号证券投资私募基金,1.0162,1.1448,C:\Invest\净值存储\tg.gtja_同温层量化阿尔法6号证券投资私募基金【波克稳健多策略1号私募证券投资基金】TA虚拟净值_20240129.xlsx
2024-01-30_STQ063,2024-01-30,STQ063,同温层量化阿尔法6号证券投资私募基金,1.016,1.1446,C:\Invest\净值存储\tg.gtja_同温层量化阿尔法6号证券投资私募基金【波克稳健多策略1号私募证券投资基金】TA虚拟净值_20240130.xlsx
2024-01-31_STQ063,2024-01-31,STQ063,同温层量化阿尔法6号证券投资私募基金,1.0159,1.1445,C:\Invest\净值存储\tg.gtja_同温层量化阿尔法6号证券投资私募基金【波克稳健多策略1号私募证券投资基金】TA虚拟净值_20240131.xlsx
2024-02-01_STQ063,2024-02-01,STQ063,同温层量化阿尔法6号证券投资私募基金,1.017,1.1456,C:\Invest\净值存储\tg.gtja_同温层量化阿尔法6号证券投资私募基金【波克稳健多策略1号私募证券投资基金】TA虚拟净值_20240201.xlsx
2024-02-02_STQ063,2024-02-02,STQ063,同温层量化阿尔法6号证券投资私募基金,1.0167,1.1453,C:\Invest\净值存储\tg.gtja_同温层量化阿尔法6号证券投资私募基金【波克稳健多策略1号私募证券投资基金】TA虚拟净值_20240202.xlsx
2024-02-05_STQ063,2024-02-05,STQ063,同温层量化阿尔法6号证券投资私募基金,1.0154,1.144,C:\Invest\净值存储\tg.gtja_同温层量化阿尔法6号证券投资私募基金【波克稳健多策略1号私募证券投资基金】TA虚拟净值_20240205.xlsx
2024-01-29_ACG65A,2024-01-29,ACG65A,和融联寻真锐进1号私募证券投资基金A,1.0037,1.0037,C:\Invest\净值存储\tg.gtja_和融联寻真锐进1号私募证券投资基金A【波克锐进多策略1号私募证券投资基金】TA虚拟净值_20240129.xlsx
2024-01-30_ACG65A,2024-01-30,ACG65A,和融联寻真锐进1号私募证券投资基金A,0.9893,0.9893,C:\Invest\净值存储\tg.gtja_和融联寻真锐进1号私募证券投资基金A【波克锐进多策略1号私募证券投资基金】TA虚拟净值_20240130.xlsx
2024-01-31_ACG65A,2024-01-31,ACG65A,和融联寻真锐进1号私募证券投资基金A,0.9767,0.9767,C:\Invest\净值存储\tg.gtja_和融联寻真锐进1号私募证券投资基金A【波克锐进多策略1号私募证券投资基金】TA虚拟净值_20240131.xlsx
2024-02-01_ACG65A,2024-02-01,ACG65A,和融联寻真锐进1号私募证券投资基金A,0.9771,0.9771,C:\Invest\净值存储\tg.gtja_和融联寻真锐进1号私募证券投资基金A【波克锐进多策略1号私募证券投资基金】TA虚拟净值_20240201.xlsx
2024-02-02_ACG65A,2024-02-02,ACG65A,和融联寻真锐进1号私募证券投资基金A,0.9557,0.9557,C:\Invest\净值存储\tg.gtja_和融联寻真锐进1号私募证券投资基金A【波克锐进多策略1号私募证券投资基金】TA虚拟净值_20240202.xlsx
2024-02-05_ACG65A,2024-02-05,ACG65A,和融联寻真锐进1号私募证券投资基金A,0.9221,0.9221,C:\Invest\净值存储\tg.gtja_和融联寻真锐进1号私募证券投资基金A【波克锐进多策略1号私募证券投资基金】TA虚拟净值_20240205.xlsx
2024-01-29_SXJ974,2024-01-29,SXJ974,国优卷柏指数对冲1号私募证券投资基金,1.0657,1.0657,C:\Invest\净值存储\tg.gtja_国优卷柏指数对冲1号私募证券投资基金【波克稳健多策略1号私募证券投资基金】TA虚拟净值_20240129.xlsx
2024-01-30_SXJ974,2024-01-30,SXJ974,国优卷柏指数对冲1号私募证券投资基金,1.0668,1.0668,C:\Invest\净值存储\tg.gtja_国优卷柏指数对冲1号私募证券投资基金【波克稳健多策略1号私募证券投资基金】TA虚拟净值_20240130.xlsx
2024-01-31_SXJ974,2024-01-31,SXJ974,国优卷柏指数对冲1号私募证券投资基金,1.0691,1.0691,C:\Invest\净值存储\tg.gtja_国优卷柏指数对冲1号私募证券投资基金【波克稳健多策略1号私募证券投资基金】TA虚拟净值_20240131.xlsx
2024-02-01_SXJ974,2024-02-01,SXJ974,国优卷柏指数对冲1号私募证券投资基金,1.0694,1.0694,C:\Invest\净值存储\tg.gtja_国优卷柏指数对冲1号私募证券投资基金【波克稳健多策略1号私募证券投资基金】TA虚拟净值_20240201.xlsx
2024-02-02_SXJ974,2024-02-02,SXJ974,国优卷柏指数对冲1号私募证券投资基金,1.0727,1.0727,C:\Invest\净值存储\tg.gtja_国优卷柏指数对冲1号私募证券投资基金【波克稳健多策略1号私募证券投资基金】TA虚拟净值_20240202.xlsx
2024-02-05_SXJ974,2024-02-05,SXJ974,国优卷柏指数对冲1号私募证券投资基金,1.0804,1.0804,C:\Invest\净值存储\tg.gtja_国优卷柏指数对冲1号私募证券投资基金【波克稳健多策略1号私募证券投资基金】TA虚拟净值_20240205.xlsx
2024-01-29_XE910B,2024-01-29,XE910B,子午500指数增强三号私募证券投资基金B,0.884,0.884,C:\Invest\净值存储\tg.gtja_子午500指数增强三号私募证券投资基金B【波克锐进多策略1号私募证券投资基金】TA虚拟净值_20240129.xlsx
2024-01-30_XE910B,2024-01-30,XE910B,子午500指数增强三号私募证券投资基金B,0.864,0.864,C:\Invest\净值存储\tg.gtja_子午500指数增强三号私募证券投资基金B【波克锐进多策略1号私募证券投资基金】TA虚拟净值_20240130.xlsx
2024-01-31_XE910B,2024-01-31,XE910B,子午500指数增强三号私募证券投资基金B,0.84,0.84,C:\Invest\净值存储\tg.gtja_子午500指数增强三号私募证券投资基金B【波克锐进多策略1号私募证券投资基金】TA虚拟净值_20240131.xlsx
2024-02-01_XE910B,2024-02-01,XE910B,子午500指数增强三号私募证券投资基金B,0.835,0.835,C:\Invest\净值存储\tg.gtja_子午500指数增强三号私募证券投资基金B【波克锐进多策略1号私募证券投资基金】TA虚拟净值_20240201.xlsx
2024-02-02_XE910B,2024-02-02,XE910B,子午500指数增强三号私募证券投资基金B,0.805,0.805,C:\Invest\净值存储\tg.gtja_子午500指数增强三号私募证券投资基金B【波克锐进多策略1号私募证券投资基金】TA虚拟净值_20240202.xlsx
2024-02-05_XE910B,2024-02-05,XE910B,子午500指数增强三号私募证券投资基金B,0.78,0.78,C:\Invest\净值存储\tg.gtja_子午500指数增强三号私募证券投资基金B【波克锐进多策略1号私募证券投资基金】TA虚拟净值_20240205.xlsx
2024-01-29_ZZ547B,2024-01-29,ZZ547B,子午中性十三号私募证券投资基金B,1.054,1.054,C:\Invest\净值存储\tg.gtja_子午中性十三号私募证券投资基金B【波克平衡多策略1号私募证券投资基金】TA虚拟净值_20240129.xlsx
2024-01-30_ZZ547B,2024-01-30,ZZ547B,子午中性十三号私募证券投资基金B,1.054,1.054,C:\Invest\净值存储\tg.gtja_子午中性十三号私募证券投资基金B【波克平衡多策略1号私募证券投资基金】TA虚拟净值_20240130.xlsx
2024-01-31_ZZ547B,2024-01-31,ZZ547B,子午中性十三号私募证券投资基金B,1.054,1.054,C:\Invest\净值存储\tg.gtja_子午中性十三号私募证券投资基金B【波克平衡多策略1号私募证券投资基金】TA虚拟净值_20240131.xlsx
2024-02-01_ZZ547B,2024-02-01,ZZ547B,子午中性十三号私募证券投资基金B,1.054,1.054,C:\Invest\净值存储\tg.gtja_子午中性十三号私募证券投资基金B【波克平衡多策略1号私募证券投资基金】TA虚拟净值_20240201.xlsx
2024-02-02_ZZ547B,2024-02-02,ZZ547B,子午中性十三号私募证券投资基金B,1,1.05,C:\Invest\净值存储\tg.gtja_子午中性十三号私募证券投资基金B【波克平衡多策略1号私募证券投资基金】TA虚拟净值_20240202.xlsx
2024-01-29_SGQ818,2024-01-29,SGQ818,小黑妞对冲1号私募证券投资基金,1.009,1.329,C:\Invest\净值存储\tg.gtja_小黑妞对冲1号私募证券投资基金【波克稳健多策略1号私募证券投资基金】TA虚拟净值_20240129.xlsx
2024-01-30_SGQ818,2024-01-30,SGQ818,小黑妞对冲1号私募证券投资基金,1.01,1.33,C:\Invest\净值存储\tg.gtja_小黑妞对冲1号私募证券投资基金【波克稳健多策略1号私募证券投资基金】TA虚拟净值_20240130.xlsx
2024-01-31_SGQ818,2024-01-31,SGQ818,小黑妞对冲1号私募证券投资基金,1.007,1.327,C:\Invest\净值存储\tg.gtja_小黑妞对冲1号私募证券投资基金【波克稳健多策略1号私募证券投资基金】TA虚拟净值_20240131.xlsx
2024-02-01_SGQ818,2024-02-01,SGQ818,小黑妞对冲1号私募证券投资基金,1.008,1.328,C:\Invest\净值存储\tg.gtja_小黑妞对冲1号私募证券投资基金【波克稳健多策略1号私募证券投资基金】TA虚拟净值_20240201.xlsx
2024-02-02_SGQ818,2024-02-02,SGQ818,小黑妞对冲1号私募证券投资基金,1.006,1.326,C:\Invest\净值存储\tg.gtja_小黑妞对冲1号私募证券投资基金【波克稳健多策略1号私募证券投资基金】TA虚拟净值_20240202.xlsx
2024-02-05_SGQ818,2024-02-05,SGQ818,小黑妞对冲1号私募证券投资基金,1.017,1.337,C:\Invest\净值存储\tg.gtja_小黑妞对冲1号私募证券投资基金【波克稳健多策略1号私募证券投资基金】TA虚拟净值_20240205.xlsx
2024-01-29_SJB158,2024-01-29,SJB158,小黑妞期权套利1号私募证券投资基金,1.006,1.319,C:\Invest\净值存储\tg.gtja_小黑妞期权套利1号私募证券投资基金【波克稳健多策略1号私募证券投资基金】TA虚拟净值_20240129.xlsx
2024-01-30_SJB158,2024-01-30,SJB158,小黑妞期权套利1号私募证券投资基金,1.006,1.319,C:\Invest\净值存储\tg.gtja_小黑妞期权套利1号私募证券投资基金【波克稳健多策略1号私募证券投资基金】TA虚拟净值_20240130.xlsx
2024-01-31_SJB158,2024-01-31,SJB158,小黑妞期权套利1号私募证券投资基金,1.004,1.317,C:\Invest\净值存储\tg.gtja_小黑妞期权套利1号私募证券投资基金【波克稳健多策略1号私募证券投资基金】TA虚拟净值_20240131.xlsx
2024-02-01_SJB158,2024-02-01,SJB158,小黑妞期权套利1号私募证券投资基金,1.005,1.318,C:\Invest\净值存储\tg.gtja_小黑妞期权套利1号私募证券投资基金【波克稳健多策略1号私募证券投资基金】TA虚拟净值_20240201.xlsx
2024-02-02_SJB158,2024-02-02,SJB158,小黑妞期权套利1号私募证券投资基金,1.004,1.317,C:\Invest\净值存储\tg.gtja_小黑妞期权套利1号私募证券投资基金【波克稳健多策略1号私募证券投资基金】TA虚拟净值_20240202.xlsx
2024-02-05_SJB158,2024-02-05,SJB158,小黑妞期权套利1号私募证券投资基金,1.013,1.326,C:\Invest\净值存储\tg.gtja_小黑妞期权套利1号私募证券投资基金【波克稳健多策略1号私募证券投资基金】TA虚拟净值_20240205.xlsx
2024-01-29_AEU46B,2024-01-29,AEU46B,旌安思源1号私募证券投资基金B,0.9986,0.9986,C:\Invest\净值存储\tg.gtja_旌安思源1号私募证券投资基金B【波克平衡多策略1号私募证券投资基金】TA虚拟净值_20240129.xlsx
2024-01-30_AEU46B,2024-01-30,AEU46B,旌安思源1号私募证券投资基金B,0.9977,0.9977,C:\Invest\净值存储\tg.gtja_旌安思源1号私募证券投资基金B【波克平衡多策略1号私募证券投资基金】TA虚拟净值_20240130.xlsx
2024-01-31_AEU46B,2024-01-31,AEU46B,旌安思源1号私募证券投资基金B,0.996,0.996,C:\Invest\净值存储\tg.gtja_旌安思源1号私募证券投资基金B【波克平衡多策略1号私募证券投资基金】TA虚拟净值_20240131.xlsx
2024-02-01_AEU46B,2024-02-01,AEU46B,旌安思源1号私募证券投资基金B,0.996,0.996,C:\Invest\净值存储\tg.gtja_旌安思源1号私募证券投资基金B【波克平衡多策略1号私募证券投资基金】TA虚拟净值_20240201.xlsx
2024-02-02_AEU46B,2024-02-02,AEU46B,旌安思源1号私募证券投资基金B,0.9964,0.9964,C:\Invest\净值存储\tg.gtja_旌安思源1号私募证券投资基金B【波克平衡多策略1号私募证券投资基金】TA虚拟净值_20240202.xlsx
2024-02-05_AEU46B,2024-02-05,AEU46B,旌安思源1号私募证券投资基金B,0.9901,0.9901,C:\Invest\净值存储\tg.gtja_旌安思源1号私募证券投资基金B【波克平衡多策略1号私募证券投资基金】TA虚拟净值_20240205.xlsx
2024-01-29_SAAP74,2024-01-29,SAAP74,正瀛骐骥11号私募证券投资基金,1.0112,1.0112,C:\Invest\净值存储\tg.gtja_正瀛骐骥11号私募证券投资基金【波克稳健多策略1号私募证券投资基金】TA虚拟净值_20240129.xlsx
2024-01-30_SAAP74,2024-01-30,SAAP74,正瀛骐骥11号私募证券投资基金,1.0107,1.0107,C:\Invest\净值存储\tg.gtja_正瀛骐骥11号私募证券投资基金【波克稳健多策略1号私募证券投资基金】TA虚拟净值_20240130.xlsx
2024-01-31_SAAP74,2024-01-31,SAAP74,正瀛骐骥11号私募证券投资基金,1.0111,1.0111,C:\Invest\净值存储\tg.gtja_正瀛骐骥11号私募证券投资基金【波克稳健多策略1号私募证券投资基金】TA虚拟净值_20240131.xlsx
2024-02-01_SAAP74,2024-02-01,SAAP74,正瀛骐骥11号私募证券投资基金,1.0119,1.0119,C:\Invest\净值存储\tg.gtja_正瀛骐骥11号私募证券投资基金【波克稳健多策略1号私募证券投资基金】TA虚拟净值_20240201.xlsx
2024-02-02_SAAP74,2024-02-02,SAAP74,正瀛骐骥11号私募证券投资基金,1.0148,1.0148,C:\Invest\净值存储\tg.gtja_正瀛骐骥11号私募证券投资基金【波克稳健多策略1号私募证券投资基金】TA虚拟净值_20240202.xlsx
2024-02-05_SAAP74,2024-02-05,SAAP74,正瀛骐骥11号私募证券投资基金,1.0159,1.0159,C:\Invest\净值存储\tg.gtja_正瀛骐骥11号私募证券投资基金【波克稳健多策略1号私募证券投资基金】TA虚拟净值_20240205.xlsx
2024-01-29_SXR731,2024-01-29,SXR731,特夫郁金香弦理1号私募证券投资基金,0.992,0.992,C:\Invest\净值存储\tg.gtja_特夫郁金香弦理1号私募证券投资基金【波克平衡多策略1号私募证券投资基金】TA虚拟净值_20240129.xlsx
2024-01-30_SXR731,2024-01-30,SXR731,特夫郁金香弦理1号私募证券投资基金,0.99,0.99,C:\Invest\净值存储\tg.gtja_特夫郁金香弦理1号私募证券投资基金【波克平衡多策略1号私募证券投资基金】TA虚拟净值_20240130.xlsx
2024-01-31_SXR731,2024-01-31,SXR731,特夫郁金香弦理1号私募证券投资基金,0.99,0.99,C:\Invest\净值存储\tg.gtja_特夫郁金香弦理1号私募证券投资基金【波克平衡多策略1号私募证券投资基金】TA虚拟净值_20240131.xlsx
2024-02-01_SXR731,2024-02-01,SXR731,特夫郁金香弦理1号私募证券投资基金,0.989,0.989,C:\Invest\净值存储\tg.gtja_特夫郁金香弦理1号私募证券投资基金【波克平衡多策略1号私募证券投资基金】TA虚拟净值_20240201.xlsx
2024-02-02_SXR731,2024-02-02,SXR731,特夫郁金香弦理1号私募证券投资基金,0.989,0.989,C:\Invest\净值存储\tg.gtja_特夫郁金香弦理1号私募证券投资基金【波克平衡多策略1号私募证券投资基金】TA虚拟净值_20240202.xlsx
2024-02-05_SXR731,2024-02-05,SXR731,特夫郁金香弦理1号私募证券投资基金,0.989,0.989,C:\Invest\净值存储\tg.gtja_特夫郁金香弦理1号私募证券投资基金【波克平衡多策略1号私募证券投资基金】TA虚拟净值_20240205.xlsx
2024-01-29_SQU196,2024-01-29,SQU196,玉数涵瑞专享九号私募证券投资基金A,0.9909,1.1086,C:\Invest\净值存储\tg.gtja_玉数涵瑞专享九号私募证券投资基金A【波克稳健多策略1号私募证券投资基金】TA虚拟净值_20240129.xlsx
2024-01-30_SQU196,2024-01-30,SQU196,玉数涵瑞专享九号私募证券投资基金A,0.9878,1.1055,C:\Invest\净值存储\tg.gtja_玉数涵瑞专享九号私募证券投资基金A【波克稳健多策略1号私募证券投资基金】TA虚拟净值_20240130.xlsx
2024-01-31_SQU196,2024-01-31,SQU196,玉数涵瑞专享九号私募证券投资基金A,0.9894,1.1071,C:\Invest\净值存储\tg.gtja_玉数涵瑞专享九号私募证券投资基金A【波克稳健多策略1号私募证券投资基金】TA虚拟净值_20240131.xlsx
2024-02-01_SQU196,2024-02-01,SQU196,玉数涵瑞专享九号私募证券投资基金A,0.9896,1.1073,C:\Invest\净值存储\tg.gtja_玉数涵瑞专享九号私募证券投资基金A【波克稳健多策略1号私募证券投资基金】TA虚拟净值_20240201.xlsx
2024-02-02_SQU196,2024-02-02,SQU196,玉数涵瑞专享九号私募证券投资基金A,0.9956,1.1133,C:\Invest\净值存储\tg.gtja_玉数涵瑞专享九号私募证券投资基金A【波克稳健多策略1号私募证券投资基金】TA虚拟净值_20240202.xlsx
2024-02-05_SQU196,2024-02-05,SQU196,玉数涵瑞专享九号私募证券投资基金A,0.9913,1.109,C:\Invest\净值存储\tg.gtja_玉数涵瑞专享九号私募证券投资基金A【波克稳健多策略1号私募证券投资基金】TA虚拟净值_20240205.xlsx
2024-01-29_SXZ248,2024-01-29,SXZ248,磐松多空对冲1号私募证券投资基金,1.2104,1.2104,C:\Invest\净值存储\tg.gtja_磐松多空对冲1号私募证券投资基金【波克平衡多策略1号私募证券投资基金】TA虚拟净值_20240129.xlsx
2024-01-30_SXZ248,2024-01-30,SXZ248,磐松多空对冲1号私募证券投资基金,1.2133,1.2133,C:\Invest\净值存储\tg.gtja_磐松多空对冲1号私募证券投资基金【波克平衡多策略1号私募证券投资基金】TA虚拟净值_20240130.xlsx
2024-01-31_SXZ248,2024-01-31,SXZ248,磐松多空对冲1号私募证券投资基金,1.2175,1.2175,C:\Invest\净值存储\tg.gtja_磐松多空对冲1号私募证券投资基金【波克平衡多策略1号私募证券投资基金】TA虚拟净值_20240131.xlsx
2024-02-01_SXZ248,2024-02-01,SXZ248,磐松多空对冲1号私募证券投资基金,1.2194,1.2194,C:\Invest\净值存储\tg.gtja_磐松多空对冲1号私募证券投资基金【波克平衡多策略1号私募证券投资基金】TA虚拟净值_20240201.xlsx
2024-02-02_SXZ248,2024-02-02,SXZ248,磐松多空对冲1号私募证券投资基金,1.2216,1.2216,C:\Invest\净值存储\tg.gtja_磐松多空对冲1号私募证券投资基金【波克平衡多策略1号私募证券投资基金】TA虚拟净值_20240202.xlsx
2024-02-05_SXZ248,2024-02-05,SXZ248,磐松多空对冲1号私募证券投资基金,1.2258,1.2258,C:\Invest\净值存储\tg.gtja_磐松多空对冲1号私募证券投资基金【波克平衡多策略1号私募证券投资基金】TA虚拟净值_20240205.xlsx
2024-01-29_SVM121,2024-01-29,SVM121,罗维盈安扶摇精选2号私募证券投资基金,1.052,1.067,C:\Invest\净值存储\tg.gtja_罗维盈安扶摇精选2号私募证券投资基金【赛韵网络科技(上海)有限公司】TA虚拟净值_20240129.xlsx
2024-01-30_SVM121,2024-01-30,SVM121,罗维盈安扶摇精选2号私募证券投资基金,1.049,1.064,C:\Invest\净值存储\tg.gtja_罗维盈安扶摇精选2号私募证券投资基金【赛韵网络科技(上海)有限公司】TA虚拟净值_20240130.xlsx
2024-01-31_SVM121,2024-01-31,SVM121,罗维盈安扶摇精选2号私募证券投资基金,1.041,1.056,C:\Invest\净值存储\tg.gtja_罗维盈安扶摇精选2号私募证券投资基金【赛韵网络科技(上海)有限公司】TA虚拟净值_20240131.xlsx
2024-02-01_SVM121,2024-02-01,SVM121,罗维盈安扶摇精选2号私募证券投资基金,1.039,1.054,C:\Invest\净值存储\tg.gtja_罗维盈安扶摇精选2号私募证券投资基金【赛韵网络科技(上海)有限公司】TA虚拟净值_20240201.xlsx
2024-02-02_SVM121,2024-02-02,SVM121,罗维盈安扶摇精选2号私募证券投资基金,1.042,1.057,C:\Invest\净值存储\tg.gtja_罗维盈安扶摇精选2号私募证券投资基金【赛韵网络科技(上海)有限公司】TA虚拟净值_20240202.xlsx
2024-02-05_SVM121,2024-02-05,SVM121,罗维盈安扶摇精选2号私募证券投资基金,1.011,1.026,C:\Invest\净值存储\tg.gtja_罗维盈安扶摇精选2号私募证券投资基金【赛韵网络科技(上海)有限公司】TA虚拟净值_20240205.xlsx
2024-01-29_SZW016,2024-01-29,SZW016,致邃投资-智慧矩阵指数增强量化7号私募证券投资基金,0.979,1.018,C:\Invest\净值存储\tg.gtja_致邃投资-智慧矩阵指数增强量化7号私募证券投资基金【波克平衡多策略1号私募证券投资基金】TA虚拟净值_20240129.xlsx
2024-01-30_SZW016,2024-01-30,SZW016,致邃投资-智慧矩阵指数增强量化7号私募证券投资基金,0.978,1.017,C:\Invest\净值存储\tg.gtja_致邃投资-智慧矩阵指数增强量化7号私募证券投资基金【波克平衡多策略1号私募证券投资基金】TA虚拟净值_20240130.xlsx
2024-01-31_SZW016,2024-01-31,SZW016,致邃投资-智慧矩阵指数增强量化7号私募证券投资基金,0.972,1.011,C:\Invest\净值存储\tg.gtja_致邃投资-智慧矩阵指数增强量化7号私募证券投资基金【波克平衡多策略1号私募证券投资基金】TA虚拟净值_20240131.xlsx
2024-02-01_SZW016,2024-02-01,SZW016,致邃投资-智慧矩阵指数增强量化7号私募证券投资基金,0.969,1.008,C:\Invest\净值存储\tg.gtja_致邃投资-智慧矩阵指数增强量化7号私募证券投资基金【波克平衡多策略1号私募证券投资基金】TA虚拟净值_20240201.xlsx
2024-02-02_SZW016,2024-02-02,SZW016,致邃投资-智慧矩阵指数增强量化7号私募证券投资基金,0.969,1.008,C:\Invest\净值存储\tg.gtja_致邃投资-智慧矩阵指数增强量化7号私募证券投资基金【波克平衡多策略1号私募证券投资基金】TA虚拟净值_20240202.xlsx
2024-02-05_SZW016,2024-02-05,SZW016,致邃投资-智慧矩阵指数增强量化7号私募证券投资基金,0.957,0.996,C:\Invest\净值存储\tg.gtja_致邃投资-智慧矩阵指数增强量化7号私募证券投资基金【波克平衡多策略1号私募证券投资基金】TA虚拟净值_20240205.xlsx
2024-01-29_SZN426,2024-01-29,SZN426,波克远见优选1号私募证券投资基金,1.0611,1.0611,C:\Invest\净值存储\tg.gtja_资产净值公告_SZN426_波克远见优选1号私募证券投资基金_2024-01-29_d.xlsx
2024-01-30_SZN426,2024-01-30,SZN426,波克远见优选1号私募证券投资基金,1.0458,1.0458,C:\Invest\净值存储\tg.gtja_资产净值公告_SZN426_波克远见优选1号私募证券投资基金_2024-01-30_d.xlsx
2024-01-31_SZN426,2024-01-31,SZN426,波克远见优选1号私募证券投资基金,1.0386,1.0386,C:\Invest\净值存储\tg.gtja_资产净值公告_SZN426_波克远见优选1号私募证券投资基金_2024-01-31_d.xlsx
2024-02-01_SZN426,2024-02-01,SZN426,波克远见优选1号私募证券投资基金,1.0387,1.0387,C:\Invest\净值存储\tg.gtja_资产净值公告_SZN426_波克远见优选1号私募证券投资基金_2024-02-01_d.xlsx
2024-02-02_SZN426,2024-02-02,SZN426,波克远见优选1号私募证券投资基金,1.0335,1.0335,C:\Invest\净值存储\tg.gtja_资产净值公告_SZN426_波克远见优选1号私募证券投资基金_2024-02-02_d.xlsx
2024-02-05_SZN426,2024-02-05,SZN426,波克远见优选1号私募证券投资基金,1.034,1.034,C:\Invest\净值存储\tg.gtja_资产净值公告_SZN426_波克远见优选1号私募证券投资基金_2024-02-05_d.xlsx
2024-01-29_ADU67A,2024-01-29,ADU67A,顽岩中证1000指数增强1号私募证券投资基金A,0.9299,0.9299,C:\Invest\净值存储\tg.gtja_顽岩中证1000指数增强1号私募证券投资基金A【波克锐进多策略1号私募证券投资基金】TA虚拟净值_20240129.xlsx
2024-01-30_ADU67A,2024-01-30,ADU67A,顽岩中证1000指数增强1号私募证券投资基金A,0.9011,0.9011,C:\Invest\净值存储\tg.gtja_顽岩中证1000指数增强1号私募证券投资基金A【波克锐进多策略1号私募证券投资基金】TA虚拟净值_20240130.xlsx
2024-01-31_ADU67A,2024-01-31,ADU67A,顽岩中证1000指数增强1号私募证券投资基金A,0.8661,0.8661,C:\Invest\净值存储\tg.gtja_顽岩中证1000指数增强1号私募证券投资基金A【波克锐进多策略1号私募证券投资基金】TA虚拟净值_20240131.xlsx
2024-02-01_ADU67A,2024-02-01,ADU67A,顽岩中证1000指数增强1号私募证券投资基金A,0.8545,0.8545,C:\Invest\净值存储\tg.gtja_顽岩中证1000指数增强1号私募证券投资基金A【波克锐进多策略1号私募证券投资基金】TA虚拟净值_20240201.xlsx
2024-02-02_ADU67A,2024-02-02,ADU67A,顽岩中证1000指数增强1号私募证券投资基金A,0.824,0.824,C:\Invest\净值存储\tg.gtja_顽岩中证1000指数增强1号私募证券投资基金A【波克锐进多策略1号私募证券投资基金】TA虚拟净值_20240202.xlsx
2024-02-05_ADU67A,2024-02-05,ADU67A,顽岩中证1000指数增强1号私募证券投资基金A,0.766,0.766,C:\Invest\净值存储\tg.gtja_顽岩中证1000指数增强1号私募证券投资基金A【波克锐进多策略1号私募证券投资基金】TA虚拟净值_20240205.xlsx
2024-01-29_XC412A,2024-01-29,XC412A,顽岩量化对冲10号私募证券投资基金A,1.0787,1.1254,C:\Invest\净值存储\tg.gtja_顽岩量化对冲10号私募证券投资基金A【波克稳健多策略1号私募证券投资基金】TA虚拟净值_20240129.xlsx
2024-01-30_XC412A,2024-01-30,XC412A,顽岩量化对冲10号私募证券投资基金A,1.0818,1.1285,C:\Invest\净值存储\tg.gtja_顽岩量化对冲10号私募证券投资基金A【波克稳健多策略1号私募证券投资基金】TA虚拟净值_20240130.xlsx
2024-01-31_XC412A,2024-01-31,XC412A,顽岩量化对冲10号私募证券投资基金A,1.0811,1.1278,C:\Invest\净值存储\tg.gtja_顽岩量化对冲10号私募证券投资基金A【波克稳健多策略1号私募证券投资基金】TA虚拟净值_20240131.xlsx
2024-02-01_XC412A,2024-02-01,XC412A,顽岩量化对冲10号私募证券投资基金A,1.0799,1.1266,C:\Invest\净值存储\tg.gtja_顽岩量化对冲10号私募证券投资基金A【波克稳健多策略1号私募证券投资基金】TA虚拟净值_20240201.xlsx
2024-02-02_XC412A,2024-02-02,XC412A,顽岩量化对冲10号私募证券投资基金A,1.0912,1.1379,C:\Invest\净值存储\tg.gtja_顽岩量化对冲10号私募证券投资基金A【波克稳健多策略1号私募证券投资基金】TA虚拟净值_20240202.xlsx
2024-02-05_XC412A,2024-02-05,XC412A,顽岩量化对冲10号私募证券投资基金A,1.0814,1.1281,C:\Invest\净值存储\tg.gtja_顽岩量化对冲10号私募证券投资基金A【波克稳健多策略1号私募证券投资基金】TA虚拟净值_20240205.xlsx
2024-01-29_SVG092,2024-01-29,SVG092,嘉鸿稳健增利6号B类份额,1.0151,1.0151,C:\Invest\净值存储\xyzq_嘉鸿稳健增利6号B类_20240129_波克平衡多策略1号私募证券投资基金_虚拟净值试算结果.xlsx
2024-01-31_SVG092,2024-01-31,SVG092,嘉鸿稳健增利6号B类份额,1.0152,1.0152,C:\Invest\净值存储\xyzq_嘉鸿稳健增利6号B类_20240131_波克平衡多策略1号私募证券投资基金_虚拟净值试算结果.xlsx
2024-02-01_SVG092,2024-02-01,SVG092,嘉鸿稳健增利6号B类份额,1.0152,1.0152,C:\Invest\净值存储\xyzq_嘉鸿稳健增利6号B类_20240201_波克平衡多策略1号私募证券投资基金_虚拟净值试算结果.xlsx
2024-02-02_SVG092,2024-02-02,SVG092,嘉鸿稳健增利6号B类份额,1.0152,1.0152,C:\Invest\净值存储\xyzq_嘉鸿稳健增利6号B类_20240202_波克平衡多策略1号私募证券投资基金_虚拟净值试算结果.xlsx
2024-01-29_SQJ929,2024-01-29,SQJ929,璞远丰利纯债聚配专享,1.4853,1.6603,C:\Invest\净值存储\xyzq_璞远丰利纯债聚配专享私募证券投资基金_20240129_波克稳健多策略1号私募证券投资基金_虚拟净值试算结果.xlsx
2024-01-30_SQJ929,2024-01-30,SQJ929,璞远丰利纯债聚配专享,1.486,1.661,C:\Invest\净值存储\xyzq_璞远丰利纯债聚配专享私募证券投资基金_20240130_波克稳健多策略1号私募证券投资基金_虚拟净值试算结果.xlsx
2024-01-31_SQJ929,2024-01-31,SQJ929,璞远丰利纯债聚配专享,1.4868,1.6618,C:\Invest\净值存储\xyzq_璞远丰利纯债聚配专享私募证券投资基金_20240131_波克稳健多策略1号私募证券投资基金_虚拟净值试算结果.xlsx
2024-02-01_SQJ929,2024-02-01,SQJ929,璞远丰利纯债聚配专享,1.488,1.663,C:\Invest\净值存储\xyzq_璞远丰利纯债聚配专享私募证券投资基金_20240201_波克稳健多策略1号私募证券投资基金_虚拟净值试算结果.xlsx
2024-02-02_SQJ929,2024-02-02,SQJ929,璞远丰利纯债聚配专享,1.488,1.663,C:\Invest\净值存储\xyzq_璞远丰利纯债聚配专享私募证券投资基金_20240202_波克稳健多策略1号私募证券投资基金_虚拟净值试算结果.xlsx
2024-02-05_SQJ929,2024-02-05,SQJ929,璞远丰利纯债聚配专享,1.4892,1.6642,C:\Invest\净值存储\xyzq_璞远丰利纯债聚配专享私募证券投资基金_20240205_波克稳健多策略1号私募证券投资基金_虚拟净值试算结果.xlsx
2024-01-29_SZY015,2024-01-29,SZY015,锦徽中证500指数增强1号私募证券投资基金,0.9149,0.9244,C:\Invest\净值存储\cmschina\SZY015锦徽中证500指数增强1号私募证券投资基金委托资产资产估值表20240129三级科目.xls
2024-01-30_SZY015,2024-01-30,SZY015,锦徽中证500指数增强1号私募证券投资基金,0.8888,0.8981,C:\Invest\净值存储\cmschina\SZY015锦徽中证500指数增强1号私募证券投资基金委托资产资产估值表20240130三级科目.xls
2024-01-31_SZY015,2024-01-31,SZY015,锦徽中证500指数增强1号私募证券投资基金,0.8527,0.8616,C:\Invest\净值存储\cmschina\SZY015锦徽中证500指数增强1号私募证券投资基金委托资产资产估值表20240131三级科目.xls
2024-01-29_ZR639B,2024-01-29,ZR639B,波克平衡多策略1号私募证券投资基金B,1.0804,1.0804,C:\Invest\净值存储\cmschina\excel\SZR639-2024年01月29日-发送每日净值信息.xls
2024-01-30_ZR639B,2024-01-30,ZR639B,波克平衡多策略1号私募证券投资基金B,1.0808,1.0808,C:\Invest\净值存储\cmschina\excel\SZR639-2024年01月30日-发送每日净值信息.xls
2024-01-31_ZR639B,2024-01-31,ZR639B,波克平衡多策略1号私募证券投资基金B,1.0768,1.0768,C:\Invest\净值存储\cmschina\excel\SZR639-2024年01月31日-发送每日净值信息.xls
2024-02-01_ZR639B,2024-02-01,ZR639B,波克平衡多策略1号私募证券投资基金B,1.0743,1.0743,C:\Invest\净值存储\cmschina\excel\SZR639-2024年02月01日-发送每日净值信息.xls
2024-01-29_ZR642B,2024-01-29,ZR642B,波克稳健多策略1号私募证券投资基金B,1.037,1.037,C:\Invest\净值存储\cmschina\excel\SZR642-2024年01月29日-发送每日净值信息.xls
2024-01-30_ZR642B,2024-01-30,ZR642B,波克稳健多策略1号私募证券投资基金B,1.0363,1.0363,C:\Invest\净值存储\cmschina\excel\SZR642-2024年01月30日-发送每日净值信息.xls
2024-01-31_ZR642B,2024-01-31,ZR642B,波克稳健多策略1号私募证券投资基金B,1.0343,1.0343,C:\Invest\净值存储\cmschina\excel\SZR642-2024年01月31日-发送每日净值信息.xls
2024-02-01_ZR642B,2024-02-01,ZR642B,波克稳健多策略1号私募证券投资基金B,1.0339,1.0339,C:\Invest\净值存储\cmschina\excel\SZR642-2024年02月01日-发送每日净值信息.xls
